product_page_URL,universal_ product_code,title,price_including_tax,price_excluding_tax,number_available,product_description,category,review_rating,image_url
http://books.toscrape.com/catalogue/unqualified-how-god-uses-broken-people-to-do-big-things_873/index.html,e4ac92d89b946781,(Un)Qualified: How God Uses Broken People to Do Big Things,Â£54.00,Â£54.00,In stock (16 available),"Who You Think You Are is Not as Important as Who God Says You AreMany of us wrestle with the gap between our weaknesses and our dreams, between who we are and who God says we are meant to be. We feel unqualified to do Godâs work or to live out the calling we imagine. But God has a way of using our weaknesses for good. In fact, God loves unqualified people.In (Un)Qualified, Who You Think You Are is Not as Important as Who God Says You AreMany of us wrestle with the gap between our weaknesses and our dreams, between who we are and who God says we are meant to be. We feel unqualified to do Godâs work or to live out the calling we imagine. But God has a way of using our weaknesses for good. In fact, God loves unqualified people.In (Un)Qualified, Pastor Steven Furtick helps you peel back the assumptions youâve made about yourself and see yourself as God sees you. Because true peace and confidence come not from worldly perfection but from acceptance: Godâs acceptance of you, your acceptance of yourself, and your acceptance of Godâs process of change.This is a book about understanding your identity in light of who God is. Itâs a book about coming to terms with the good, the bad, and the unmentionable in your life and learning to let God use you. Itâs about charging into the gap between your present and your hopes and meeting God there. After all, God canât bless who you pretend to be. But he longs to bless who you really are; a flawed and broken person. Good thing for us that God is in the business of using broken people to do big things. Being Unqualified Is Godâs Favorite QualificationOur culture tells us that the answer to our failures is to fix them. The solution to our weaknesses is to hide them. The secret to our success is to appear as flawless as possible. But Godâs qualifying system is different than the worldâs. So is his view of our weaknesses, our purpose, and our true selves.In (Un)Qualified, Steven Furtick explores who God is as the great âI AM,â and then helps us discover our own identity. Delving into the story of Jacob, Furtick invites us to acknowledge our weaknesses and ask God to work through them.The truth is, God has created us to be more, to accomplish more, and to love life more than we ever thought possible. But to become who he has called us to be, we must embrace who we are right now. (Un)Qualified equips us to face obstacles and failures without losing a sense of purpose. We can have a thriving sense of hope that God is working in us and through us, not in spite of our weaknesses but often as a direct result of them. ...more","
Christian
",Five,http://books.toscrape.com//media/cache/e4/f8/e4f8c1c5954e09cb6c485d9db824eeb1.jpg
http://books.toscrape.com/catalogue/crazy-love-overwhelmed-by-a-relentless-god_682/index.html,4b9d9cfe0f435788,Crazy Love: Overwhelmed by a Relentless God,Â£47.72,Â£47.72,In stock (14 available),"Have you ever wondered if we're missing it? It's crazy, if you think about it. The God of the universeâthe Creator of nitrogen and pine needles, galaxies and E-minorâloves us with a radical, unconditional, self-sacrificing love. And what is our typical response? We go to church, sing songs, and try not to cuss. Whether you've verbalized it yet or not, we all know something Have you ever wondered if we're missing it? It's crazy, if you think about it. The God of the universeâthe Creator of nitrogen and pine needles, galaxies and E-minorâloves us with a radical, unconditional, self-sacrificing love. And what is our typical response? We go to church, sing songs, and try not to cuss. Whether you've verbalized it yet or not, we all know something's wrong. Does something deep inside your heart long to break free from the status quo? Are you hungry for an authentic faith that addresses the problems of our world with tangible, even radical, solutions? God is calling you to a passionate love relationship with Himself. Because the answer to religious complacency isn't working harder at a list of do's and don'ts-it's falling in love with God. And once you encounter His love, as Francis describes it, you will never be the same. Because when you're wildly in love with someone, it changes everything. Learn more about Crazy Love at www.crazylovebook.com ...more","
Christian
",Two,http://books.toscrape.com//media/cache/5d/34/5d344393618369df3f560e018b1d9853.jpg
http://books.toscrape.com/catalogue/blue-like-jazz-nonreligious-thoughts-on-christian-spirituality_461/index.html,a322361a37a78d3d,Blue Like Jazz: Nonreligious Thoughts on Christian Spirituality,Â£25.77,Â£25.77,In stock (7 available),"""I never liked jazz music because jazz music doesn't resolve. I used to not like God because God didn't resolve. But that was before any of this happened."" âDonald MillerIn Donald Miller's early years, he was vaguely familiar with a distant God. But when he came to know Jesus Christ, he pursued the Christian life with great zeal. Within a few years he had a successful mini ""I never liked jazz music because jazz music doesn't resolve. I used to not like God because God didn't resolve. But that was before any of this happened."" âDonald MillerIn Donald Miller's early years, he was vaguely familiar with a distant God. But when he came to know Jesus Christ, he pursued the Christian life with great zeal. Within a few years he had a successful ministry that ultimately left him feeling empty, burned out, and, once again, far away from God. In this intimate, soul-searching account, Miller describes his remarkable journey back to a culturally relevant, infinitely loving God.For anyone wondering if the Christian faith is still relevant in a postmodern culture.For anyone thirsting for a genuine encounter with a God who is real.For anyone yearning for a renewed sense of passion inÂ  life.Blue Like Jazz is a fresh and original perspective on life, love, and redemption. ...more","
Christian
",One,http://books.toscrape.com//media/cache/98/4a/984ab50781e05461a753923eaba33e58.jpg
