product_page_URL,universal_ product_code,title,price_including_tax,price_excluding_tax,number_available,product_description,category,review_rating,image_url
http://books.toscrape.com/catalogue/louisa-the-extraordinary-life-of-mrs-adams_818/index.html,d69dd8dac66f9f84,Louisa: The Extraordinary Life of Mrs. Adams,Â£16.85,Â£16.85,In stock (15 available),"An intimate portrait of Louisa Catherine Adams, the wife of John Quincy Adams, who witnessed firsthand the greatest transformations of her time Born in London to an American father and a British mother on the eve of the Revolutionary War, Louisa Catherine Johnson was raised in circumstances very different from the New England upbringing of the future president John Quincy An intimate portrait of Louisa Catherine Adams, the wife of John Quincy Adams, who witnessed firsthand the greatest transformations of her timeÂ Â Â  Born in London to an American father and a British mother on the eve of the Revolutionary War, Louisa Catherine Johnson was raised in circumstances very different from the New England upbringing of the future president John Quincy Adams, whose life had been dedicated to public service from the earliest age. And yet John Quincy fell in love with her, almost despite himself. Their often tempestuous but deeply close marriage lasted half a century.Â  They lived in Prussia, Massachusetts, Washington, Russia, and England, at royal courts, on farms, in cities, and in the White House. Louisa saw more of Europe and America than nearly any other woman of her time. But wherever she lived, she was always pressing her nose against the glass, not quite sure whether she was looking in or out. The other members of the Adams family could take their identity for grantedâthey were Adamses; they were Americansâbut she had to invent her own. The story of Louisa Catherine Adams is one of a woman who forged a sense of self. As the country her husband led found its place in the world, she found a voice. That voice resonates still.Â  In this deeply felt biography, the talented journalist and historian Louisa Thomas finally gives Louisa Catherine Adams's full extraordinary life its due. An intimate portrait of a remarkable woman, a complicated marriage, and a pivotal historical moment, Louisa Thomas's biography is a masterful work from an elegant storyteller. ...more","
Biography
",Two,http://books.toscrape.com//media/cache/ec/2a/ec2a7df6fdafc7e6f97b6c6da7980584.jpg
http://books.toscrape.com/catalogue/setting-the-world-on-fire-the-brief-astonishing-life-of-st-catherine-of-siena_603/index.html,b06599b108e83f98,"Setting the World on Fire: The Brief, Astonishing Life of St. Catherine of Siena",Â£21.15,Â£21.15,In stock (11 available),"One of only two patron saints of Italy, the other being St. Francis of Assisi, St. Catherine was ahead of her time. As a political powerhouse in late 14th century Europe, a time of war, social unrest and one of the worst natural disasters of all time--the plague, she worked for peace between Christians while campaigning for a holy crusade against Muslims. She was illiterat One of only two patron saints of Italy, the other being St. Francis of Assisi, St. Catherine was ahead of her time. As a political powerhouse in late 14th century Europe, a time of war, social unrest and one of the worst natural disasters of all time--the plague, she worked for peace between Christians while campaigning for a holy crusade against Muslims. She was illiterate but grew into a great writer by dictating to assistants. She was frail and punished herself mercilessly, often starving herself, while offering moral guidance and inspiration to kings, queens and popes.It's easy to see why feminists through the years have sought to claim the patronage of St. Catherine. From her refusal to marry to her assertion that her physical appearance was of no importance, the famous Saint is ripe for modern interpretation. She was a peacemaker during Siena's revolution of 1368, sometimes addressing thousands of people in squares and streets; she convinced Pope Gregory XI to return the papacy to Rome at a time when the Catholic Church was unraveling.How did this girl, the second-youngest of 25 children of a middle-class dyer, grow to become one of the most beloved spiritual figures of all time, a theological giant to rank alongside the likes of Thomas Aquinas? InSetting the World on Fire, Emling gives an intimate portrayal of this fascinating and revolutionary woman. ...more","
Biography
",Two,http://books.toscrape.com//media/cache/86/54/86546f67cb4a3112b15b03a4ec2e7255.jpg
http://books.toscrape.com/catalogue/the-faith-of-christopher-hitchens-the-restless-soul-of-the-worlds-most-notorious-atheist_495/index.html,57f85720e54d6442,The Faith of Christopher Hitchens: The Restless Soul of the World's Most Notorious Atheist,Â£39.55,Â£39.55,In stock (7 available),"âIf everyone in the United States had the same qualities of loyalty and care and concern for others that Larry Taunton had, we'd be living in a much better society than we do.â ~ Christopher HitchensAt the time of his death, Christopher Hitchens was the most notorious atheist in the world. And yet, all was not as it seemed. âNobody is not a divided self, of course,â heonce âIf everyone in the United States had the same qualities of loyalty and care and concern for others that Larry Taunton had, we'd be living in a much better society than we do.â ~ Christopher HitchensAt the time of his death, Christopher Hitchens was the most notorious atheist in the world. Â And yet, all was not as it seemed. Â âNobody is not a divided self, of course,â heÂ once told an interviewer,Â âbut I think itâs rather strong in my case.â Â  Hitchens wasÂ a man of many contradictions: Â  a Marxist in youth who longed for acceptance among the social elites; a peacenik who revered the military; a champion of the Left who was nonetheless pro-life, pro-war-on-terror, and after 9/11 something of a neocon; and while he railed against God on stage, he maintained meaningfulâthough largely hidden from public viewâfriendships with evangelical Christians like Francis Collins, Douglas Wilson, and the author Larry Alex Taunton. Â InÂ The Faith of Christopher Hitchens, Taunton offers aÂ very personal perspective of one of our most interesting and most misunderstood public figures. Â Writing with genuine compassion and without compromise, TauntonÂ traces Hitchensâs spiritual and intellectual development from his decision as a teenager to reject belief in God to his rise to prominence as one of the so-calledÂ âFour Horsemenâ of the New Atheism.Â  While Hitchens was, in the minds of many Christians,Â Public Enemy Number One, away from the lights andÂ theÂ cameras a warm friendship flourished between Hitchens and the author; a friendship thatÂ culminatedÂ inÂ not one, butÂ twoÂ lengthy road trips where, after Hitchensâs diagnosis of esophageal cancer, they studied the Bible together. Â The Faith of Christopher HitchensÂ gives us a candidÂ glimpse into the inner life of this intriguing, sometimes maddening, and unexpectedly vulnerable man.âThis book should be read by every atheist and theist passionate about the truth.â--Michael Shermer, publisher, Skeptic magazine ...more","
Biography
",One,http://books.toscrape.com//media/cache/d7/cb/d7cbdb36b54398ba3876488726befc3d.jpg
http://books.toscrape.com/catalogue/benjamin-franklin-an-american-life_460/index.html,5b546a46a86a9d8c,Benjamin Franklin: An American Life,Â£48.19,Â£48.19,In stock (7 available),"Benjamin Franklin is the Founding Father who winks at us. An ambitious urban entrepreneur who rose up the social ladder, from leather-aproned shopkeeper to dining with kings, he seems made of flesh rather than of marble. In bestselling author Walter Isaacson's vivid and witty full-scale biography, we discover why Franklin seems to turn to us from history's stage with eyes Benjamin Franklin is the Founding Father who winks at us. An ambitious urban entrepreneur who rose up the social ladder, from leather-aproned shopkeeper to dining with kings, he seems made of flesh rather than of marble. In bestselling author Walter Isaacson's vivid and witty full-scale biography, we discover why Franklin seems to turn to us from history's stage with eyes that twinkle from behind his new-fangled spectacles. By bringing Franklin to life, Isaacson shows how he helped to define both his own time and ours. He was, during his 84-year life, America's best scientist, inventor, diplomat, writer, and business strategist, and he was also one of its most practical -- though not most profound -- political thinkers. He proved by flying a kite that lightning was electricity, and he invented a rod to tame it. He sought practical ways to make stoves less smoky and commonwealths less corrupt. He organized neighborhood constabularies and international alliances, local lending libraries and national legislatures. He combined two types of lenses to create bifocals and two concepts of representation to foster the nation's federal compromise. He was the only man who shaped all the founding documents of America: the Albany Plan of Union, the Declaration of Independence, the treaty of alliance with France, the peace treaty with England, and the Constitution. And he helped invent America's unique style of homespun humor, democratic values, and philosophical pragmatism. But the most interesting thing that Franklin invented, and continually reinvented, was himself. America's first great publicist, he was, in his life and in his writings, consciously trying to create a new American archetype. In the process, he carefully crafted his own persona, portrayed it in public, and polished it for posterity. Through it all, he trusted the hearts and minds of his fellow ""leather-aprons"" more than he did those of any inbred elite. He saw middle-class values as a source of social strength, not as something to be derided. His guiding principle was a ""dislike of everything that tended to debase the spirit of the common people."" Few of his fellow founders felt this comfort with democracy so fully, and none so intuitively. In this colorful and intimate narrative, Isaacson provides the full sweep of Franklin's amazing life, from his days as a runaway printer to his triumphs as a statesman, scientist, and Founding Father. He chronicles Franklin's tumultuous relationship with his illegitimate son and grandson, his practical marriage, and his flirtations with the ladies of Paris. He also shows how Franklin helped to create the American character and why he has a particular resonance in the twenty-first century. ...more","
Biography
",Three,http://books.toscrape.com//media/cache/c2/7e/c27efce6a2321c10b0d34035308ace37.jpg
http://books.toscrape.com/catalogue/the-rise-of-theodore-roosevelt-theodore-roosevelt-1_276/index.html,1a5044d233936b1a,The Rise of Theodore Roosevelt (Theodore Roosevelt #1),Â£42.57,Â£42.57,In stock (3 available),"Selected by the Modern Library as one of the 100 best nonfiction books of all timeDescribed by the Chicago Tribune as ""a classic,"" The Rise of Theodore Roosevelt stands as one of the greatest biographies of our time. The publication of The Rise of Theodore Roosevelt on September 14th, 2001 marks the 100th anniversary of Theodore Roosevelt becoming president.","
Biography
",Three,http://books.toscrape.com//media/cache/4c/09/4c090b85892f532210e44d84b752b64d.jpg
