product_page_URL,universal_ product_code,title,price_including_tax,price_excluding_tax,number_available,product_description,category,review_rating,image_url
http://books.toscrape.com/catalogue/the-lucifer-effect-understanding-how-good-people-turn-evil_758/index.html,4e812d32d64e2431,The Lucifer Effect: Understanding How Good People Turn Evil,Â£10.40,Â£10.40,In stock (14 available),"Renowned social psychologist and creator of the ""Stanford Prison Experiment,"" Philip Zimbardo explores the mechanisms that make good people do bad things, how moral people can be seduced into acting immorally, and what this says about the line separating good from evil.The Lucifer Effect explains howâand the myriad reasons whyâwe are all susceptible to the lure of âthe dar Renowned social psychologist and creator of the ""Stanford Prison Experiment,"" Philip Zimbardo explores the mechanisms that make good people do bad things, how moral people can be seduced into acting immorally, and what this says about the line separating good from evil.The Lucifer Effect explains howâand the myriad reasons whyâwe are all susceptible to the lure of âthe dark side.â Drawing on examples from history as well as his own trailblazing research, Zimbardo details how situational forces and group dynamics can work in concert to make monsters out of decent men and women. Here, for the first time and in detail, Zimbardo tells the full story of the Stanford Prison Experiment, the landmark study in which a group of college-student volunteers was randomly divided into âguardsâ and âinmatesâ and then placed in a mock prison environment. Within a week, the study was abandoned, as ordinary college students were transformed into either brutal, sadistic guards or emotionally broken prisoners. By illuminating the psychological causes behind such disturbing metamorphoses, Zimbardo enables us to better understand a variety of harrowing phenomena, from corporate malfeasance to organized genocide to how once upstanding American soldiers came to abuse and torture Iraqi detainees in Abu Ghraib. He replaces the long-held notion of the âbad appleâ with that of the âbad barrelââthe idea that the social setting and the system contaminate the individual, rather than the other way around. ...more","
Psychology
",One,http://books.toscrape.com//media/cache/4b/2a/4b2a574e8382dcac92d046d30d2c27fc.jpg
http://books.toscrape.com/catalogue/the-golden-condom-and-other-essays-on-love-lost-and-found_637/index.html,235fa48eeed11d82,The Golden Condom: And Other Essays on Love Lost and Found,Â£39.43,Â£39.43,In stock (12 available),"Dr. Jeanne Safer has dedicated much of her decades' long career in psychotherapy to exploring taboo subjects that we all think about in private but seldom discuss in public. From conflicted sibling relationships to the choice not to have children, Safer's work has always been unflinching in its aim to dive deep into topics that make most of us blush, but which are present Dr. Jeanne Safer has dedicated much of her decades' long career in psychotherapy to exploring taboo subjects that we all think about in private but seldom discuss in public. From conflicted sibling relationships to the choice not to have children, Safer's work has always been unflinching in its aim to dive deep into topics that make most of us blush, but which are present in all of our lives. In The Golden Condom, Safer turns her sharp and fearless eye to a subject perhaps more universal than any other-love in all its permutations.In The Golden Condom Safer interweaves her own experiences with those of a variety of memorable people, including her patients, telling a series of tales that investigate relationships--both healthy and toxic--that most of us don't escape life without experiencing at least once, including traumatic friendships, love after loss, unrequited or obsessional love and more. Never prescriptive and always entertaining, these stories will demolish any suspicion you might have that you're alone in navigating a turbulent romantic life, and will inspire you with the range of possibilities that exist to find love, however unconventional, and at any age. ...more","
Psychology
",One,http://books.toscrape.com//media/cache/e8/b4/e8b404939ad2b1cc9d896ba646919b17.jpg
http://books.toscrape.com/catalogue/it-didnt-start-with-you-how-inherited-family-trauma-shapes-who-we-are-and-how-to-end-the-cycle_593/index.html,ce8666d9b42fc9a0,It Didn't Start with You: How Inherited Family Trauma Shapes Who We Are and How to End the Cycle,Â£56.27,Â£56.27,In stock (11 available),"A groundbreaking approach to transforming traumatic legacies passed down in families over generations, by an acclaimed expert in the field Depression. Anxiety. Chronic Pain. Phobias. Obsessive thoughts. The evidence is compelling: the roots of these difficulties may not reside in our immediate life experience or in chemical imbalances in our brainsâbut in the lives of our A groundbreaking approach to transforming traumatic legacies passed down in families over generations, by an acclaimed expert in the field Â Depression. Anxiety. Chronic Pain. Phobias. Obsessive thoughts. The evidence is compelling: the roots of these difficulties may not reside in our immediate life experience or in chemical imbalances in our brainsâbut in the lives of our parents, grandparents, and even great-grandparents. The latest scientific research, now making headlines, supports what many have long intuitedâthat traumatic experience can be passed down through generations. It Didnât Start with You builds on the work of leading experts in post-traumatic stress, including Mount Sinai School of Medicine neuroscientist Rachel Yehuda and psychiatrist Bessel van der Kolk, author of The Body Keeps the Score. Even if the person who suffered the original trauma has died, or the story has been forgotten or silenced, memory and feelings can live on. These emotional legacies are often hidden, encoded in everything from gene expression to everyday language, and they play a far greater role in our emotional and physical health than has ever before been understood. Â  As a pioneer in the field of inherited family trauma, Mark Wolynn has worked with individuals and groups on a therapeutic level for over twenty years. It Didnât Start with You offers a pragmatic and prescriptive guide to his method, the Core Language Approach. Diagnostic self-inventories provide a way to uncover the fears and anxieties conveyed through everyday words, behaviors, and physical symptoms. Techniques for developing a genogram or extended family tree create a map of experiences going back through the generations. And visualization, active imagination, and direct dialogue create pathways to reconnection, integration, and reclaiming life and health. It Didnât Start With You is a transformative approach to resolving longstanding difficulties that in many cases, traditional therapy, drugs, or other interventions have not had the capacity to touch. ...more","
Psychology
",Three,http://books.toscrape.com//media/cache/d3/26/d326484793116ccc786957d31e4fe912.jpg
http://books.toscrape.com/catalogue/an-unquiet-mind-a-memoir-of-moods-and-madness_422/index.html,46cb43c2ab133ccc,An Unquiet Mind: A Memoir of Moods and Madness,Â£21.30,Â£21.30,In stock (6 available),"WITH A NEW PREFACE BY THE AUTHORIn her bestselling classic, An Unquiet Mind, Kay Redfield Jamison changed the way we think about moods and madness.Dr. Jamison is one of the foremost authorities on manic-depressive (bipolar) illness;she has also experienced it firsthand. For evenwhile she was pursuing her career in academic medicine, Jamison found herself succumbing to the WITH A NEW PREFACE BY THE AUTHORIn her bestselling classic, An Unquiet Mind, Kay Redfield Jamison changed the way we think about moods and madness.Dr. Jamison is one of the foremost authorities on manic-depressive (bipolar) illness;Â she has also experienced it firsthand. For evenÂ while she was pursuing her career in academic medicine, Jamison found herself succumbing to the same exhilarating highs and catastrophic depressions that afflicted many of her patients, as her disorder launched her into ruinous spending sprees, episodes of violence, and an attemptedÂ suicide.Here Jamison examines bipolar illness from the dual perspectives of the healer and the healed, revealing both its terrors and the cruel allure that at times prompted her to resist taking medication. An Unquiet Mind is a memoir of enormous candor, vividness, and wisdomâa deeply powerful book that has both transformed and saved lives. ...more","
Psychology
",Three,http://books.toscrape.com//media/cache/e5/65/e56540f5e29286f3d7a1e3eb1912b61f.jpg
http://books.toscrape.com/catalogue/thinking-fast-and-slow_289/index.html,719d72f3ee512dc6,"Thinking, Fast and Slow",Â£21.14,Â£21.14,In stock (3 available),"In the highly anticipated Thinking, Fast and Slow, Kahneman takes us on a groundbreaking tour of the mind and explains the two systems that drive the way we think. System 1 is fast, intuitive, and emotional; System 2 is slower, more deliberative, and more logical. Kahneman exposes the extraordinary capabilitiesâand also the faults and biasesâof fast thinking, and reveals t In the highly anticipated Thinking, Fast and Slow, Kahneman takes us on a groundbreaking tour of the mind and explains the two systems that drive the way we think. System 1 is fast, intuitive, and emotional; System 2 is slower, more deliberative, and more logical. Kahneman exposes the extraordinary capabilitiesâand also the faults and biasesâof fast thinking, and reveals the pervasive influence of intuitive impressions on our thoughts and behavior. The impact of loss aversion and overconfidence on corporate strategies, the difficulties of predicting what will make us happy in the future, the challenges of properly framing risks at work and at home, the profound effect of cognitive biases on everything from playing the stock market to planning the next vacationâeach of these can be understood only by knowing how the two systems work together to shape our judgments and decisions.Engaging the reader in a lively conversation about how we think, Kahneman reveals where we can and cannot trust our intuitions and how we can tap into the benefits of slow thinking. He offers practical and enlightening insights into how choices are made in both our business and our personal livesâand how we can use different techniques to guard against the mental glitches that often get us into trouble. Thinking, Fast and Slow will transform the way you think about thinking. ...more","
Psychology
",One,http://books.toscrape.com//media/cache/7d/9b/7d9ba3173dcc0194ec63f9c77d0763cb.jpg
http://books.toscrape.com/catalogue/civilization-and-its-discontents_140/index.html,396385e3de5d18c3,Civilization and Its Discontents,Â£59.95,Â£59.95,In stock (3 available),"It stands as a brilliant summary of the views on culture from a psychoanalytic perspective that he had been developing since the turn of the century. It is both witness and tribute to the late theory of mindâthe so-called structural theory, with its stress on aggression, indeed the death drive, as the pitiless adversary of eros.Civilization and Its Discontents is one of th It stands as a brilliant summary of the views on culture from a psychoanalytic perspective that he had been developing since the turn of the century. It is both witness and tribute to the late theory of mindâthe so-called structural theory, with its stress on aggression, indeed the death drive, as the pitiless adversary of eros.Civilization and Its Discontents is one of the last of Freud's books, written in the decade before his death and first published in German in 1929. In it he states his views on the broad question of man's place in the world, a place Freud defines in terms of ceaseless conflict between the individual's quest for freedom and society's demand for conformity.Freud's theme is that what works for civilization doesn't necessarily work for man. Man, by nature aggressive and egotistical, seeks self-satisfaction. But culture inhibits his instinctual drives. The result is a pervasive and familiar guilt.Of the various English translations of Freud's major works to appear in his lifetime, only one was authorized by Freud himself: The Standard Edition of the Complete Psychological Works of Sigmund Freud under the general editorship of James Strachey.Freud approved the overall editorial plan, specific renderings of key words and phrases, and the addition of valuable notes, from bibliographical and explanatory. Many of the translations were done by Strachey himself; the rest were prepared under his supervision. The result was to place the Standard Edition in a position of unquestioned supremacy over all other existing versions. ...more","
Psychology
",Two,http://books.toscrape.com//media/cache/5c/27/5c2728296f41f2f0fb52142e35f49570.jpg
http://books.toscrape.com/catalogue/8-keys-to-mental-health-through-exercise_114/index.html,f5873c8fc7760000,8 Keys to Mental Health Through Exercise,Â£31.04,Â£31.04,In stock (3 available),"We all know that exercise is good for physical health. Improved fitness has been proven to increase longevity and stave off illness. Recently, there has been a wealth of data proving that exercise also contributes to overall mental well-being. Routine exercise alleviates stress and anxiety, moderates depression, relieves chronic pain, and improves self-esteem.Christina G. We all know that exercise is good for physical health. Improved fitness has been proven to increase longevity and stave off illness. Recently, there has been a wealth of data proving that exercise also contributes to overall mental well-being. Routine exercise alleviates stress and anxiety, moderates depression, relieves chronic pain, and improves self-esteem.Christina G. Hibbert, an expert on womenâs mental health, grief, and self-esteem issues, here offers readers step-by-step strategies for sticking to fitness goals, overcoming motivation challenges and roadblocks to working out, and maintaining a physically and emotionally healthy exercise regimen. The techniques she offers will benefit readers at any stage of life or fitness level. Whether you have worked out periodically in the past or have never hit the gym, this book will help you get moving, stay moving, and maintain the inspiration you need to reap the mental health benefits of regular exercise. ...more","
Psychology
",One,http://books.toscrape.com//media/cache/37/5e/375e0267fe12e7aa1f9f7f2bd2711ecb.jpg
