product_page_URL,universal_ product_code,title,price_including_tax,price_excluding_tax,number_available,product_description,category,review_rating,image_url
http://books.toscrape.com/catalogue/the-bulletproof-diet-lose-up-to-a-pound-a-day-reclaim-energy-and-focus-upgrade-your-life_931/index.html,43c6a960757cf559,"The Bulletproof Diet: Lose up to a Pound a Day, Reclaim Energy and Focus, Upgrade Your Life",Â£49.05,Â£49.05,In stock (16 available),"In his midtwenties, Dave Asprey was a successful Silicon Valley multimillionaire. He also weighed 300 pounds, despite the fact that he was doing what doctors recommended: eating 1,800 calories a day and working out 90 minutes a day, six times a week. When his excess fat started causing brain fog and food cravings sapped his energy and willpower, Asprey turned to the same h In his midtwenties, Dave Asprey was a successful Silicon Valley multimillionaire. He also weighed 300 pounds, despite the fact that he was doing what doctors recommended: eating 1,800 calories a day and working out 90 minutes a day, six times a week. When his excess fat started causing brain fog and food cravings sapped his energy and willpower, Asprey turned to the same hacking techniques that made his fortune to ""hack"" his own biology, investing more than $300,000 and 15 years to uncover what was hindering his energy, performance, appearance, and happiness. From private brain EEG facilities to remote monasteries in Tibet, through radioactive brain scans, blood chemistry work, nervous system testing, and more, he explored traditional and alternative technologies to reach his physical and mental prime. The result? The Bulletproof Diet, an anti-inflammatory program for hunger-free, rapid weight loss and peak performance. The Bulletproof Diet will challengeâand changeâthe way you think about weight loss and wellness. You will skip breakfast, stop counting calories, eat high levels of healthy saturated fat, work out and sleep less, and add smart supplements.In doing so, you'll gain energy, build lean muscle, and watch the pounds melt off. By ditching traditional ""diet"" thinking, Asprey went from being overweight and sick in his twenties to maintaining a 100-pound weight loss, increasing his IQ, and feeling better than ever in his forties. The Bulletproof Diet is your blueprint to a better life. ...more","
Health
",Three,http://books.toscrape.com//media/cache/9c/c6/9cc673854af8fd155953384b3cac334e.jpg
http://books.toscrape.com/catalogue/eat-fat-get-thin_688/index.html,047dfa57ba0bf638,"Eat Fat, Get Thin",Â£54.07,Â£54.07,In stock (14 available),Originally released by Hachettee Audio A2015.,"
Health
",Two,http://books.toscrape.com//media/cache/a7/6b/a76b04d5de0b2f8f038c9ac27f4d2a42.jpg
http://books.toscrape.com/catalogue/10-day-green-smoothie-cleanse-lose-up-to-15-pounds-in-10-days_581/index.html,96aa539bfd4c07e2,10-Day Green Smoothie Cleanse: Lose Up to 15 Pounds in 10 Days!,Â£49.71,Â£49.71,In stock (10 available),"The 10-Day Green Smoothie Cleanse will jump-start your weight loss, increase your energy level, clear your mind, and improve your overall health. Made up of supernutrients from leafy greens and fruits, green smoothies are filling and healthy and you will enjoy drinking them. Your body will also thank you for drinking them as your health and energy improve to levels you nev The 10-Day Green Smoothie Cleanse will jump-start your weight loss, increase your energy level, clear your mind, and improve your overall health. Made up of supernutrients from leafy greens and fruits, green smoothies are filling and healthy and you will enjoy drinking them. Your body will also thank you for drinking them as your health and energy improve to levels you never thought possible. In ten days, you can expect to lose weight, reduce cravings, clear your mind, and improve digestion. It is an experience that could change your life if you stick with it! This book provides a shopping list, recipes, and detailed instructions for the 10-day cleanse, along with suggestions for getting the best results. It also offers advice on how to continue to lose weight and maintain good health afterwards. Are you ready to look slimmer, healthier, and sexier than you have in years? Then get ready to begin the 10-Day Green Smoothie Cleanse! If you successfully complete the 10-Day Green Smoothie Cleanse, you willâ¦ - Lose 10â15 pounds in 10 days - Get rid of stubborn body fat, including belly fat - Drop pounds and inches fast, without grueling workouts - Learn to live a healthier lifestyle of detoxing and healthy eating - Help your body naturally crave healthy foods so you never have to diet again - Receive over 100 green smoothie recipes for various health conditions and goals JJ Smith is the author of the #1 national bestseller and USA Today bestseller Lose Weight Without Dieting or Working Out! JJ Smith is a nutritionist and certified weight-loss expert who has been featured on The Steve Harvey Show, The Montel Williams Show, and The Jamie Foxx Show and on the NBC, FOX, and CW Network television stations, as well as in the pages of Glamour, Essence, and Ladies Home Journal. Since reclaiming her health, losing weight, and discovering a âsecond youthâ in her forties, JJ has become the voice of inspiration to those who want to lose weight, be healthy, and get their sexy back! ...more","
Health
",Five,http://books.toscrape.com//media/cache/79/84/7984ef7c568a60372f430c1ddae64034.jpg
http://books.toscrape.com/catalogue/the-art-and-science-of-low-carbohydrate-living_570/index.html,f9c87ccb2bc4853b,The Art and Science of Low Carbohydrate Living,Â£52.98,Â£52.98,In stock (9 available),"The Art And Science Of Low Carbohydrate Living: An Expert Guide To Making The Life-Saving Benefits Of Carbohydrate Restriction Sustainable And EnjoyableCarbohydrate restricted diets are commonly practiced but seldom taught. As a result, doctors, dietitians, nutritionists, and nurses may have strong opinions about low carbohydrate dieting, but in many if not most cases, the The Art And Science Of Low Carbohydrate Living: An Expert Guide To Making The Life-Saving Benefits Of Carbohydrate Restriction Sustainable And EnjoyableCarbohydrate restricted diets are commonly practiced but seldom taught. As a result, doctors, dietitians, nutritionists, and nurses may have strong opinions about low carbohydrate dieting, but in many if not most cases, these views are not grounded in science.Now, whether you are a curious healthcare professional or just a connoisseur of diet information, two New York Times best-selling authors provide you with the definitive resource for low carbohydrate living. Doctors Volek and Phinney share over 50 years of clinical experience using low carbohydrate diets, and together they have published more than 200 research papers and chapters on the topic. Particularly in the last decade, much has been learned about the risks associated with insulin resistance (including but not limited to metabolic synd ...more","
Health
",Five,http://books.toscrape.com//media/cache/82/f3/82f3b865f19faad855ec359f86415f79.jpg
