product_page_URL,universal_ product_code,title,price_including_tax,price_excluding_tax,number_available,product_description,category,review_rating,image_url
http://books.toscrape.com/catalogue/foolproof-preserving-a-guide-to-small-batch-jams-jellies-pickles-condiments-and-more-a-foolproof-guide-to-making-small-batch-jams-jellies-pickles-condiments-and-more_978/index.html,5674a18a29a43ced,"Foolproof Preserving: A Guide to Small Batch Jams, Jellies, Pickles, Condiments, and More: A Foolproof Guide to Making Small Batch Jams, Jellies, Pickles, Condiments, and More",Â£30.52,Â£30.52,In stock (19 available),"Canning perfected the Americaâs Test Kitchen way. The art of preserving produce by canning and preserving has come full circle from grandmother's kitchen to a whole new generation now eager to learn it. This detailed guide to home preserving is perfect for novice canners and experts alike and offers more than 100 foolproof recipes across a wide range of categories, from sw Canning perfected the Americaâs Test Kitchen way. The art of preserving produce by canning and preserving has come full circle from grandmother's kitchen to a whole new generation now eager to learn it. This detailed guide to home preserving is perfect for novice canners and experts alike and offers more than 100 foolproof recipes across a wide range of categories, from sweet jams and jellies to savory jams, vegetables, condiments, pickles, whole fruits, and more. Let the experts at America's Test Kitchen show you how to do it right with detailed tutorials, troubleshooting tips, equipment information, and insight into the science behind canning. ...more","
Food and Drink
",Three,http://books.toscrape.com//media/cache/9f/58/9f58d3ff6d58589eaf325b1a33c303a0.jpg
http://books.toscrape.com/catalogue/the-pioneer-woman-cooks-dinnertime-comfort-classics-freezer-food-16-minute-meals-and-other-delicious-ways-to-solve-supper_943/index.html,142d767a56a9254d,"The Pioneer Woman Cooks: Dinnertime: Comfort Classics, Freezer Food, 16-Minute Meals, and Other Delicious Ways to Solve Supper!",Â£56.41,Â£56.41,In stock (16 available),"THEREâS NO TIME LIKE DINNERTIME!Oh, donât get me wrong. I adore breakfast. I love lunch! But dinnertime definitely tops them all. Itâs the time of day when we reunite with our sweeties, our kids, our friends, our parents . . . and catch up on the events of the day over something mouthwatering and delicious. Dinnertime anchors us, nourishes us, and reassures us. Itâs the gr THEREâS NO TIME LIKE DINNERTIME!Oh, donât get me wrong. I adore breakfast. I love lunch! But dinnertime definitely tops them all. Itâs the time of day when we reunite with our sweeties, our kids, our friends, our parents . . . and catch up on the events of the day over something mouthwatering and delicious. Dinnertime anchors us, nourishes us, and reassures us. Itâs the greatest meal of the day!Â The Pioneer Woman Cooks: Dinnertime is a beloved collection of all the scrumptious supper recipes that make their way through my kitchen in regular rotation, from main dish salads to satisfying soups to hearty casseroles to comfort food classics . . . and everything in between. I lay out all the different ways I tackle dinner in my house, from super-quick 16-Minute Meals to make-ahead Freezer Food to irresistible pastas and a bundle of brand-new favorites of my crew.Youâll want to immediately dive into surefire hits like Tomato Soup with Parmesan Croutons, Buffalo Chicken Salad, Baked Ziti, and Shrimp Scampi. But just wait till you try the Cashew Chicken, French Dip Sandwiches, Chicken Marsala, and Beef Stroganoff. And donât even get me started on the Tomato Tart, Chicken with Mustard Cream Sauce, and Pan-Fried Pork Chops. Youâll have a very tough time deciding on a favorite!To take away the guesswork, I made sure to include all the step-by-step recipe photos I love to share, and I packed as much deliciousness into each chapter as possible. My hope is that you will turn to this book regularly to solve your dinnertime dilemmas, and that you will use these recipes to feed your family time and time again. The more stains, smudges, and smears on the pages, the better!Enjoy dinnertime in your household, friends! ...more","
Food and Drink
",One,http://books.toscrape.com//media/cache/fd/af/fdaf3c3104c559941c01e840fecd2659.jpg
http://books.toscrape.com/catalogue/my-paris-kitchen-recipes-and-stories_910/index.html,784bc2279baa878d,My Paris Kitchen: Recipes and Stories,Â£33.37,Â£33.37,In stock (16 available),"A collection of stories and 100 sweet and savory French-inspired recipes from popular food blogger David Lebovitz, reflecting the way Parisians eat today and featuring lush photography taken around Paris and in David's Parisian kitchen.Itâs been ten years since David Lebovitz packed up his most treasured cookbooks, a well-worn cast-iron skillet, and his laptop and moved to A collection of stories and 100 sweet and savory French-inspired recipes from popular food blogger David Lebovitz, reflecting the way Parisians eat today and featuring lush photography taken around Paris and in David's Parisian kitchen.Itâs been ten years since David Lebovitz packed up his most treasured cookbooks, a well-worn cast-iron skillet, and his laptop and moved to Paris. In that time, the culinary culture of France has shifted as a new generation of chefs and home cooksâmost notably in Parisâincorporates ingredients and techniques from around the world into traditional French dishes.Â Â  Â  Â InÂ My Paris Kitchen, David remasters the classics, introduces lesser-known fare, and presents 100 sweet and savory recipes that reflect the way modern Parisians eat today. Youâll find Soupe Ã  lâoignon, Cassoulet, Coq au vin, and Croque-monsieur, as well as Smoky barbecue-style pork, Lamb shank tagine, Dukkah-roasted cauliflower, Salt cod fritters with tartar sauce, and Wheat berry salad with radicchio, root vegetables, and pomegranate. And of course, thereâs dessert: Warm chocolate cake with salted butter caramel sauce, Duck fat cookies, Bay leaf poundcake with orange glaze, French cheesecake...and the list goes on. David also shares stories told with his trademark wit and humor, and lush photography taken on location around Paris and in Davidâs kitchen reveals the quirks, trials, beauty, and joys of life in the culinary capital of the world. ...more","
Food and Drink
",Two,http://books.toscrape.com//media/cache/ae/d5/aed548aefcac7803a599b05da3acb86e.jpg
http://books.toscrape.com/catalogue/mama-tried-traditional-italian-cooking-for-the-screwed-crude-vegan-and-tattooed_908/index.html,72f9d5be3472d34e,"Mama Tried: Traditional Italian Cooking for the Screwed, Crude, Vegan, and Tattooed",Â£14.02,Â£14.02,In stock (16 available),"Cecilia Granata grew up cooking with her family in Italy. As a vegan, she learned to adapt her favorite recipes from around the country to be animal free while retaining the flavor and feeling of true Italian home cooking. She shares her commitment to ethical and artful eating in this alphabetically-arranged volume with over 100 recipes, ranging from traditional favorites Cecilia Granata grew up cooking with her family in Italy. As a vegan, she learned to adapt her favorite recipes from around the country to be animal free while retaining the flavor and feeling of true Italian home cooking. She shares her commitment to ethical and artful eating in this alphabetically-arranged volume with over 100 recipes, ranging from traditional favorites to homemade liqueurs to aphrodisiacsâall ""senza sofferenza,"" without suffering. The recipes are lushly illustrated with Granata's food-inspired tattoo art. ...more","
Food and Drink
",Four,http://books.toscrape.com//media/cache/48/19/48192cbef9101060e3787d87d7c8d7d1.jpg
http://books.toscrape.com/catalogue/layered-baking-building-and-styling-spectacular-cakes_904/index.html,7b75cc7f223791f4,"Layered: Baking, Building, and Styling Spectacular Cakes",Â£40.11,Â£40.11,In stock (16 available),"Itâs time to venture beyond vanilla and chocolate and take your baking skills up a notch. Weâre talking layersâtwo, three, four, or more! Create sky-high, bakery-quality treats at home with Tessa Huffâs 150 innovative recipes, which combine new and exciting flavors of cake, fillings, and frostingsâeverything from pink peppercorn cherry to bourbon butterscotch, and pumpkin Itâs time to venture beyond vanilla and chocolate and take your baking skills up a notch. Weâre talking layersâtwo, three, four, or more! Â  Create sky-high, bakery-quality treats at home with Tessa Huffâs 150 innovative recipes, which combine new and exciting flavors of cake, fillings, and frostingsâeverything from pink peppercorn cherry to bourbon butterscotch, and pumpkin vanilla chai to riesling rhubarb and raspberry chocolate stout. Including contemporary baking methods and industry tips and tricks, Layered covers every decorating technique youâll ever need with simple instructions and gorgeous step-by-step photos that speak to bakers of every skill levelâand to anyone who wants to transform dessert into layer upon layer of edible art. ...more","
Food and Drink
",One,http://books.toscrape.com//media/cache/73/06/7306b860c7887dfb2a4b0083e2d6bf0d.jpg
http://books.toscrape.com/catalogue/the-nerdy-nummies-cookbook-sweet-treats-for-the-geek-in-all-of-us_853/index.html,e4c7f3487d17fd42,The Nerdy Nummies Cookbook: Sweet Treats for the Geek in All of Us,Â£37.34,Â£37.34,In stock (15 available),"The long-awaited first cookbook from the creator and host of the Internetâs most popular baking show, Nerdy Nummies: a collection of Rosanna Pansinoâs all-time favorite geeky recipes as well as sensational new recipes exclusive to this book.The Nerdy Nummies Cookbook is quirky, charming, and fun, featuring the recipes behind Rosanna Pansinoâs celebrated, one-of-a-kind crea The long-awaited first cookbook from the creator and host of the Internetâs most popular baking show, Nerdy Nummies: a collection of Rosanna Pansinoâs all-time favorite geeky recipes as well as sensational new recipes exclusive to this book.The Nerdy Nummies Cookbook is quirky, charming, and fun, featuring the recipes behind Rosanna Pansinoâs celebrated, one-of-a-kind creations, as well as beautiful, mouthwatering photographs throughout. It is the perfect companion that youâll turn to whenever you want to whip up a delicious treat and be entertained all at once. And best of all, these treats are as simple as they are fun to make! No need for costly tools or baking classes to create these marvelous delights yourself.The Nerdy Nummies Cookbook combines two things Rosanna loves: geek culture and baking. Her fondness for video games, science fiction, math, comics, and lots of other things considered ânerdyâ have inspired every recipe in this book. Youâll find the recipes for many beloved fan favorites from the show, such as Apple Pi Pie, the Chocolate Chip Smart Cookie, and Volcano Cake; as well as many new geeky recipes, such as Dinosaur Fossil Cake, Moon Phase Macarons, and the Periodic Table of Cupcakes. The Nerdy Nummies Cookbook showcases Rosannaâs most original and popular creations, and each recipe includes easy-to-follow photo instructions and a stunning shot of the finished treat in all its geeky glory: a delicious confection sure to please the geek in all of us! ...more","
Food and Drink
",Five,http://books.toscrape.com//media/cache/41/57/4157492623f9552e3efdc858a19968f3.jpg
http://books.toscrape.com/catalogue/the-love-and-lemons-cookbook-an-apple-to-zucchini-celebration-of-impromptu-cooking_849/index.html,e28e330cbdf01126,The Love and Lemons Cookbook: An Apple-to-Zucchini Celebration of Impromptu Cooking,Â£37.60,Â£37.60,In stock (15 available),"Sometimes all you need is a little spark of inspiration to change up your regular cooking routine. TheLove & Lemons Cookbookfeatures more than one hundred simple recipes that help you turn your farmers market finds into delicious meals. The belovedLove & Lemonsblog has attracted buzz from everyone from bestselling author Heidi Swanson toSaveurMagazine, who awarded Sometimes all you need is a little spark of inspiration to change up your regular cooking routine. TheÂ Love & Lemons CookbookÂ features more than one hundred simple recipes that help you turn your farmers market finds into delicious meals.Â  Â  The belovedÂ Love & LemonsÂ blog has attracted buzz from everyone from bestselling author Heidi Swanson toÂ SaveurÂ Magazine, who awarded the blog Best Cooking Blog of 2014.Â  Â  Organized by ingredient,Â The Love & Lemons CookbookÂ teaches readers how to make beautiful food with whatâs on hand, whether itâs a bunch of rainbow-colored heirloom carrots from the farmers market or a four-pound cauliflower that just shows up in a CSA box. The book also features resources to show readers how to stock their pantry, gluten-free and vegan options for many of the recipes, as well as ideas on mixing and matching ingredients, so that readers always have something new to try.Stunningly designed and efficiently organized,Â The Love & Lemons CookbookÂ is a resource that you will use again and again. ...more","
Food and Drink
",Two,http://books.toscrape.com//media/cache/88/e7/88e70e44632c3ca306191007bc723806.jpg
http://books.toscrape.com/catalogue/the-cookies-cups-cookbook-125-sweet-savory-recipes-reminding-you-to-always-eat-dessert-first_841/index.html,96a38e7c813d8f1d,The Cookies & Cups Cookbook: 125+ sweet & savory recipes reminding you to Always Eat Dessert First,Â£41.25,Â£41.25,In stock (15 available),"Wildly popular Cookies & Cups blogger Shelly Jaronskyâs eagerly anticipated cookbook features all-new, mouth-watering, delectable sweet treats 100% guaranteed to make you want to eat dessert first.Shelly Jaronsky has a problem. Sheâs an addict. Of the buttercream variety.âChronicling my life in sugarâ has been Shellyâs motto since the inception of her insanely frequent Wildly popular Cookies & Cups blogger Shelly Jaronskyâs eagerly anticipated cookbook features all-new, mouth-watering, delectable sweet treats 100% guaranteed to make you want to eat dessert first.Shelly Jaronsky has a problem. Sheâs an addict. Of the buttercream variety.âChronicling my life in sugarâ has been Shellyâs motto since the inception of her insanely frequented dessert blog, Cookies & Cups. With recipes ranging from the deliciously decadent (her Sâmores Fudge Bars will make you seriously reconsider everything you thought you knew about baked goods) to the deceptively simple (her Favorite Chocolate Chip Cookie will become an instant staple in your baking repertoire), The Cookies & Cups Cookbook truly has something for everyone, from the cooking novice to the seasoned chef.Now you can bring Shellyâs signature style into your own kitchen with more than 125 no-fail recipes, including some reader-approved favorites and a special bonus section dedicated to the quick and savory side of cooking. Authored in the witty, intimate style of the blog that draws more than three million monthly page views and a social following of more than seven hundred thousand fans, The Cookies & Cups Cookbook is the go-to source for all things flavorful, accessible, and irresistibly tasty. ...more","
Food and Drink
",One,http://books.toscrape.com//media/cache/81/37/81374b88e925ba998c4049abcf805196.jpg
http://books.toscrape.com/catalogue/deliciously-ella-every-day-quick-and-easy-recipes-for-gluten-free-snacks-packed-lunches-and-simple-meals_801/index.html,46c1530d7546ea6d,"Deliciously Ella Every Day: Quick and Easy Recipes for Gluten-Free Snacks, Packed Lunches, and Simple Meals",Â£42.16,Â£42.16,In stock (15 available),"Delicious plant-based, gluten-free recipes and lifestyle tips for packed lunches, snacks, and simple meals that are easy and accessible to everyoneâfrom the author of the international bestseller Deliciously Ella.Itâs easy to be healthy until you get hungry. Making healthy eating sustainable is about two things. One: itâs got to be doable in the context of a time starved l Delicious plant-based, gluten-free recipes and lifestyle tips for packed lunches, snacks, and simple meals that are easy and accessible to everyoneâfrom the author of the international bestseller Deliciously Ella.Itâs easy to be healthy until you get hungry. Making healthy eating sustainable is about two things. One: itâs got to be doable in the context of a time starved life. Two: itâs got to be delicious. Ella Woodwardâs newest cookbook Deliciously Ella Every Day offers fantastically appealing and quick recipes for breakfasts, packed lunches, snacks on the go, and stress-free meals.The book is packed with more than 100 simple yet irresistible plant-based, dairy-free, and gluten-free recipes. Be inspired by Ellaâs quick weekday dinners, amazingly colorful salads, and incredible ideas for meals and snacks on the go. Favorites include the insanely delicious roasted cinnamon and maple trail mix, a super-rich chocolate ganache cake, a lovely roasted potato, hazelnut and pomegranate salad with a maple dressing. The book includes a section of big-batch cooking, recipes that can be made on the weekend so you can pack satisfying lunches or prepare quick, easy dinners during the weekâa lovely cauliflower pizza or a stunning mushroom risotto.Featuring the top ten rules for living the Deliciously Ella way, tips for eating well without breaking the bank, and shopping lists to help you get organized, this is the cookbook youâve been waiting for. ...more","
Food and Drink
",Three,http://books.toscrape.com//media/cache/38/c3/38c342d52a30a8eb38b34668e9777222.jpg
http://books.toscrape.com/catalogue/the-help-yourself-cookbook-for-kids-60-easy-plant-based-recipes-kids-can-make-to-stay-healthy-and-save-the-earth_751/index.html,ddc8340dabc8641b,The Help Yourself Cookbook for Kids: 60 Easy Plant-Based Recipes Kids Can Make to Stay Healthy and Save the Earth,Â£28.77,Â£28.77,In stock (14 available),"Struggling to get your kids to eat their fruits and vegetables? Try letting them help themselves!Experts tell us the best way to teach kids healthy eating habits is to involve them in the process. This irresistibe cookbook presents 60 appealing recipes kids will beg to make themselves, in fun and charming illustrations they will love. Bursting with color, humor, cute anima Struggling to get your kids to eat their fruits and vegetables? Try letting them help themselves!Experts tell us the best way to teach kids healthy eating habits is to involve them in the process. This irresistibe cookbook presents 60 appealing recipes kids will beg to make themselves, in fun and charming illustrations they will love. Bursting with color, humor, cute animal characters, and cool facts (Did you know your brain actually shrinks when youâre dehydrated? Drink water, quick!), Help Yourself empowers children to take charge of their own nutrition â for now and for life! Recipes include: fun-to-munch hand-held snacks like Life Boatsbright fruit-flavored drinks like Tickled Pinkthe always-popular things on toast like Leprechaun Trackssalads they will actually eat like Tiger Stripescozy small meals like Tomato Tornadoand sweets like chocolatey Disappearing Dots, because everybody likes candy!Excerpt from the Intro: Since the day you were born, someone has been making you food and serving you meals (thatâs the life!). But wait a minute...whatâs that on the end of your arm? Why, itâs a hand! And it turns out you need little more than your own two hands and a few ingredients to help yourself to healthy foods...and help the world, while youâre at it! Because from the tip of your nose to the tip of an iceberg, the food we eat affects our bodies, our environment, and even strangers on the other side of the planet. It's amazing but true. ...more","
Food and Drink
",Three,http://books.toscrape.com//media/cache/bc/eb/bceb609c54f7739682b319a27a5b9783.jpg
http://books.toscrape.com/catalogue/its-all-easy-healthy-delicious-weeknight-meals-in-under-30-minutes_706/index.html,245e6bf08b8d2955,"It's All Easy: Healthy, Delicious Weeknight Meals in under 30 Minutes",Â£19.55,Â£19.55,In stock (14 available),"For fans of It's All Good-or just delicious food-here is the cookbook that will help anyone make delectable, healthy meals in no time! Gwyneth Paltrow is back to share more than 125 of her favorite recipes that can be made in the time it would take to order takeout (which often contains high quantities of fat, sugar, and processed ingredients). All the dishes are surprisin For fans of It's All Good-or just delicious food-here is the cookbook that will help anyone make delectable, healthy meals in no time! Gwyneth Paltrow is back to share more than 125 of her favorite recipes that can be made in the time it would take to order takeout (which often contains high quantities of fat, sugar, and processed ingredients). All the dishes are surprisingly tasty, with little or no sugar, fat, or gluten. From easy breakfasts to lazy suppers, this book has something for everybody. Yummy recipes include Chocolate Cinnamon Overnight Oats, Soft Polenta with Cherry Tomatoes, Chicken Enchiladas, Pita Bread Pizzas, Quick Sesame Noodles, and more! Plus, an innovative chapter for ""on-the-go"" meals (Moroccan Chicken Salad Wrap, Chopped Salad with Grilled Shrimp, and others) that you can take for lunch to work or school, to a picnic, or to eat while watching soccer practice! ...more","
Food and Drink
",One,http://books.toscrape.com//media/cache/38/08/380869ceca4ab70f8620b02187bdf60a.jpg
http://books.toscrape.com/catalogue/barefoot-contessa-back-to-basics_667/index.html,999912e63a3262ae,Barefoot Contessa Back to Basics,Â£28.01,Â£28.01,In stock (14 available),"#1 NEW YORK TIMES BESTSELLERBarefoot Contessa Back to Basics is the essential Ina Garten cookbook, focusing on the techniques behind her elegant food and easy entertaining style, and offering nearly a hundred brand-new recipes that will become trusted favorites. Ina Gartenâ s bestselling cookbooks have con-sistently provided accessible, subtly sophisticated recipes ranging #1 NEW YORK TIMES BESTSELLERBarefoot Contessa Back to Basics is the essential Ina Garten cookbook, focusing on the techniques behind her elegant food and easy entertaining style, and offering nearly a hundred brand-new recipes that will become trusted favorites. Ina Gartenâ s bestselling cookbooks have con-sistently provided accessible, subtly sophisticated recipes ranging from French classics made easy to delicious, simple home cooking. In Barefoot Contessa Back to Basics, Ina truly breaks down her ideas on flavor, examining the ingredients and techniques that are the foundation of her easy, refined style. Here Ina covers the essentials, from ten ways to boost the flavors of your ingredients to ten things not to serve at a party, as well as professional tips that make successful baking, cooking, and entertaining a breeze. The recipesâcrowd-pleasers like Lobster Corn Chowder, Tuscan Lemon Chicken, and Easy Sticky Bunsâdemonstrate Inaâs talent for transforming fresh, easy-to-find ingredients into elegant meals you can make without stress. For longtime fans, Ina delivers new insights into her simple techniques; for newcomers she provides a thorough master class on the basics of Barefoot Contessa cooking plus a Q&A section with answers to the questions people ask her all the time. With full-color photographs and invaluable cooking tips, Barefoot Contessa Back to Basics is an essential addition to the cherished library of Barefoot Contessa cookbooks. ...more","
Food and Drink
",One,http://books.toscrape.com//media/cache/29/b1/29b1f537504f37527f1bf8182559684e.jpg
http://books.toscrape.com/catalogue/barefoot-contessa-at-home-everyday-recipes-youll-make-over-and-over-again_666/index.html,0e0da9192a025efc,Barefoot Contessa at Home: Everyday Recipes You'll Make Over and Over Again,Â£50.62,Â£50.62,In stock (14 available),"#1 NEW YORK TIMES BESTSELLERThroughout the years that she has lived and worked in East Hampton, Ina Garten has catered and attended countless parties and dinners. She will be the first to tell you, though, that nothing beats a cozy dinner, surrounded by the people you love most, in the comfort that only your own home can provide. In Barefoot Contessa at Home, Ina shares he #1 NEW YORK TIMES BESTSELLERThroughout the years that she has lived and worked in East Hampton, Ina Garten has catered and attended countless parties and dinners. She will be the first to tell you, though, that nothing beats a cozy dinner, surrounded by the people you love most, in the comfort that only your own home can provide. In Barefoot Contessa at Home, Ina shares her life in East Hampton, the recipes she loves, and her secrets to making guests feel welcome and comfortable. For Ina, itâs friends and familyâgathered around the dinner table or cooking with her in the kitchenâthat really make her house feel like home. Here Ina offers the tried-and-true recipes that she makes over and over again because theyâre easy, they work, and theyâre universally loved. For a leisurely Sunday breakfast, she has Easy Cheese Danishes or Breakfast Fruit Crunch to serve with the perfect Spicy Bloody Mary. For lunch, she has classics with a twist, such as Tomato, Mozzarella, and Pesto Paninis and Old-Fashioned Potato Salad, which are simply delicious. Then there are Inaâs homey dinnersâfrom her own version of loin of pork stuffed with sautÃ©ed fennel to the exotic flavors of Eliâs Asian Salmon. And since Ina knows no one ever forgets what you serve for dessert, she includes recipes for outrageously luscious sweets like Peach and Blueberry Crumble, Pumpkin Mousse Parfait, and Chocolate Cupcakes with Peanut Butter Icing. Ina also lets readers in on her time-tested secrets for cooking and entertaining. Get the inside scoop on everything from what Ina considers when sheâs designing a kitchen to menu-planning basics and how to make a dinner party fun (hereâs a hint: it doesnâ t involve making complicated food!). Along with beautiful photographs of Inaâs dishes, her home, and the East Hampton she loves, this book is filled with signature recipes that strike the perfect balance between elegance and casual comfort. With her most indispensable collection yet, Ina Garten proves beyond a shadow of doubt that there truly is no place like home. ...more","
Food and Drink
",Five,http://books.toscrape.com//media/cache/4e/92/4e92fef6b2d96fb732480c484dcb1a98.jpg
http://books.toscrape.com/catalogue/my-kitchen-year-136-recipes-that-saved-my-life_646/index.html,8bbd7df8a324f31d,My Kitchen Year: 136 Recipes That Saved My Life,Â£11.53,Â£11.53,In stock (13 available),"NEW YORK TIMES BESTSELLERIn the fall of 2009, the food world was rocked when Gourmet magazine was abruptly shuttered by its parent company. No one was more stunned by this unexpected turn of events than its beloved editor in chief, Ruth Reichl, who suddenly faced an uncertain professional future. As she struggled to process what had seemed unthinkable, Reichl turned to the NEW YORK TIMES BESTSELLERIn the fall of 2009, the food world was rocked when Gourmet magazine was abruptly shuttered by its parent company. No one was more stunned by this unexpected turn of events than its beloved editor in chief, Ruth Reichl, who suddenly faced an uncertain professional future. As she struggled to process what had seemed unthinkable, Reichl turned to the one place that had always provided sanctuary. âI did what I always do when Iâm confused, lonely, or frightened,â she writes. âI disappeared into the kitchen.âMy Kitchen Year follows the change of seasonsâand Reichlâs emotionsâas she slowly heals through the simple pleasures of cooking. While working 24/7, Reichl would âthrow quick meals togetherâ for her family and friends. Now she has the time to rediscover what cooking meant to her. Imagine kale, leaves dark and inviting, sautÃ©ed with chiles and garlic; summer peaches baked into a simple cobbler; fresh oysters chilling in a box of snow; plump chickens and earthy mushrooms, fricasseed with cream. Over the course of this challenging year, each dish Reichl prepares becomes a kind of stepping stone to finding joy again in ordinary things. The 136 recipes collected here represent a lifeâs passion for food: a blistering ma po tofu that shakes Reichl out of the blues; a decadent grilled cheese sandwich that accompanies a rare sighting in the woods around her home; a rhubarb sundae that signals the arrival of spring. Here, too, is Reichlâs enlivening dialogue with her Twitter followers, who become her culinary supporters and lively confidants. Part cookbook, part memoir, part paean to the household gods, My Kitchen Year may be Ruth Reichlâs most stirring book yetâone that reveals a refreshingly vulnerable side of the world's most famous food editor as she shares treasured recipes to be returned to again and again and again. ...more","
Food and Drink
",Two,http://books.toscrape.com//media/cache/70/48/7048787b6fdc04627217bf39465acb7e.jpg
http://books.toscrape.com/catalogue/everyday-italian-125-simple-and-delicious-recipes_618/index.html,76319fe9d8b465a3,Everyday Italian: 125 Simple and Delicious Recipes,Â£20.10,Â£20.10,In stock (12 available),"In her hit Food Network show Everyday Italian, Giada De Laurentiis shows you how to cook delicious, beautiful food in a flash. And here, in her long-awaited first book, she does the sameâhelps you put a fabulous dinner on the table tonight, for friends or just for the kids, with a minimum of fuss and a maximum of flavor. She makes it all look easy, because it is. Everyday In her hit Food Network show Everyday Italian, Giada De Laurentiis shows you how to cook delicious, beautiful food in a flash. And here, in her long-awaited first book, she does the sameâhelps you put a fabulous dinner on the table tonight, for friends or just for the kids, with a minimum of fuss and a maximum of flavor. She makes it all look easy, because it is. Everyday Italian is true to its title: the fresh, simple recipes are incredibly quick and accessible, and also utterly mouth-wateringâperfect for everyday cooking. And the book is focused on the real-life considerations of what you actually have in your refrigerator and pantry (no mail-order ingredients here) and what youâre in the mood forâwhether a simply sauced pasta or a hearty family-friendly roast, these great recipes cover every contingency. So, for example, youâll find dishes that you can make solely from pantry ingredients, or those that transform lowly leftovers into exquisite entrÃ©es (including brilliant ideas for leftover pasta), and those that satisfy your yearning to have something sweet baking in the oven. There are 7 ways to make red sauce more interesting, 6 different preparations of the classic cutlet, 5 perfect pestos, 4 creative uses for prosciutto, 3 variations on basic polenta, 2 great steaks, and 1 sublime chocolate tiramisÃ¹âplus 100 other recipes that turn everyday ingredients into speedy but special dinners.Whatâs more, Everyday Italian is organized according to what type of food you want tonightâwhether a soul-warming stew for Sunday supper, a quick sautÃ© for a weeknight, or a baked pasta for potluck. These categories will help you figure out what to cook in an instant, with such choices as fresh-from-the-pantry appetizers, sauceless pastas, everyday roasts, and stuffed vegetablesâwhatever youâre in the mood for, youâll be able to find a simple, delicious recipe for it here. Thatâs the beauty of Italian home cooking, and thatâs what Giada De Laurentiis offers hereâthe essential recipes to make a great Italian dinner. Tonight. ...more","
Food and Drink
",Five,http://books.toscrape.com//media/cache/4e/eb/4eebc29c9f3885800e6ae2c62c836145.jpg
http://books.toscrape.com/catalogue/a-la-mode-120-recipes-in-60-pairings-pies-tarts-cakes-crisps-and-more-topped-with-ice-cream-gelato-frozen-custard-and-more_611/index.html,a4eef523118805ef,"A la Mode: 120 Recipes in 60 Pairings: Pies, Tarts, Cakes, Crisps, and More Topped with Ice Cream, Gelato, Frozen Custard, and More",Â£38.77,Â£38.77,In stock (12 available),"Are you ready to take your baking over the top? Here are sixty decadent and delightful ice creams and the sixty desserts that are their vehicles. A la Mode offers not just solid dessert recipes, from raspberry oat bars to bear claws, from chocolate pecan pie to a white chocolate pavlova, but also gives you the unforgettable pairings that make these desserts smash hits: app Are you ready to take your baking over the top? Here are sixty decadent and delightful ice creams and the sixty desserts that are their vehicles. A la Mode offers not just solid dessert recipes, from raspberry oat bars to bear claws, from chocolate pecan pie to a white chocolate pavlova, but also gives you the unforgettable pairings that make these desserts smash hits: apple cranberry pie with Camembert ice cream, chocolate sheet cake with salt caramel frozen custard, and espresso cream jelly roll with mascarpone ice cream.Let's face it: vanilla can sometimes be so... vanilla. A great a-la-mode pairing should be as decadent as finding the perfect wine to go with your cheese plate. With A la Mode, IACP winners and cookbook dynamos Bruce Weinstein and Mark Scarbrough show you how to create innovative delights such as creamy hazelnut gelato atop coffee-poached pears, or maple frozen custard with a mouthwatering cinnamon roll cake, alongside simpler classics like confetti ice cream with layered vanilla birthday cake. You haven't lived until you've had peanut brittle pie with popcorn ice cream, a Cracker Jack fantasy!Because what's a warm pie without ice cream? With A la Mode, you'll have to answer that question! ...more","
Food and Drink
",One,http://books.toscrape.com//media/cache/f4/9c/f49c0d70aedc01b5eb0988d35c77550c.jpg
http://books.toscrape.com/catalogue/cravings-recipes-for-what-you-want-to-eat_589/index.html,2587c54f5530dafc,Cravings: Recipes for What You Want to Eat,Â£20.50,Â£20.50,In stock (11 available),"Though she is best known as a supermodel and Sports Illustrated swimsuit covergirl, all Chrissy Teigen really wants to do is talk about dinnerâthe good, the greasy, the good-for-you, and the goof-ups. Stylish but brash, witty and big-hearted, Chrissy cooks beautifully, but with the spirit of the amateur. In this book, she shows us how to make cooking part of a stylish life Though she is best known as a supermodel and Sports Illustrated swimsuit covergirl, all Chrissy Teigen really wants to do is talk about dinnerâthe good, the greasy, the good-for-you, and the goof-ups. Stylish but brash, witty and big-hearted, Chrissy cooks beautifully, but with the spirit of the amateur. In this book, she shows us how to make cooking part of a stylish lifestyle and how to look good doing itâ¦or at least how to laugh at ourselves if we donât.âThe thing that makes me happiest isnât when people stop me in the street to say they saw me in a magazine, but when they say they were inspired to cook because of what I posted on Instagram,â Chrissy Teigen says. Despite being a professional Beautiful Person, Teigen took cooking classes, runs a popular food blog, and loves connecting her fans with food through her widely followed Twitter and Instagram accounts. In this book, she brings her passion for cooking to the forefront. Through 100 recipes that range from her momâs Thai classics to her own creations and dishes taught to her by her chef friends, Chrissy will show us how easy it can be to make cooking accessible and fun. ...more","
Food and Drink
",Three,http://books.toscrape.com//media/cache/7d/b4/7db4a7faaa0ea5134cabbb517bdd6cc7.jpg
http://books.toscrape.com/catalogue/the-moosewood-cookbook-recipes-from-moosewood-restaurant-ithaca-new-york_574/index.html,65cfc9f242c2984a,"The Moosewood Cookbook: Recipes from Moosewood Restaurant, Ithaca, New York",Â£12.34,Â£12.34,In stock (9 available),"Among the most influential cookbooks of our time, the Moosewood Cookbook is such a powerful symbol that the publishers were tempted not to tamper with it. But times have changed, and knowledge about the foods we eat and their nutritional value has increased. So, after many inquiries and requests, the author has revised many of her recipes to be lighter and healthier. Illus Among the most influential cookbooks of our time, the Moosewood Cookbook is such a powerful symbol that the publishers were tempted not to tamper with it. But times have changed, and knowledge about the foods we eat and their nutritional value has increased. So, after many inquiries and requests, the author has revised many of her recipes to be lighter and healthier. Illustrated. ...more","
Food and Drink
",Four,http://books.toscrape.com//media/cache/c1/87/c187a9eb27d932f862ac06beec15c24c.jpg
http://books.toscrape.com/catalogue/32-yolks_510/index.html,b1a227b7609ff263,32 Yolks,Â£53.63,Â£53.63,In stock (8 available),"For readers of Jacques PÃ©pinâs The Apprentice and Marcus Samuelssonâs Yes, Chef, here is the coming-of-age story of a true French chef and international culinary icon. Before he earned three Michelin stars at Le Bernardin, won the James Beard Foundation Award for Outstanding Chef, or became a regular guest judge on Bravoâs Top Chef, and even before he knew how to make a pr For readers of Jacques PÃ©pinâs The Apprentice and Marcus Samuelssonâs Yes, Chef, here is the coming-of-age story of a true French chef and international culinary icon. Before he earned three Michelin stars at Le Bernardin, won the James Beard Foundation Award for Outstanding Chef, or became a regular guest judge on Bravoâs Top Chef, and even before he knew how to make a proper omelet, Eric Ripert was a young boy in the South of France who felt that his world had come to an end. The only place Eric felt at home was in the kitchen. His desire to not only cook, but to become the best would lead him into some of the most celebrated and demanding restaurants in Paris. ...more","
Food and Drink
",Two,http://books.toscrape.com//media/cache/76/03/76038c9e795babed29d370097247c9a6.jpg
http://books.toscrape.com/catalogue/naturally-lean-125-nourishing-gluten-free-plant-based-recipes-all-under-300-calories_479/index.html,924438fc6cbec836,"Naturally Lean: 125 Nourishing Gluten-Free, Plant-Based Recipes--All Under 300 Calories",Â£11.38,Â£11.38,In stock (7 available),"When you're hungry for a filling meal, it's easy to go for the unhealthy stuff. Many times, even gluten-free and vegan cuisines can be loaded with sneaky fillers and not-so-good-for-you ingredients. Allyson Kramer proves that low-cal doesn't have to mean low-satisfaction; these gluten-free, plant-based recipes are high in nutrients, have less than 300 calories per servingâ When you're hungry for a filling meal, it's easy to go for the unhealthy stuff. Many times, even gluten-free and vegan cuisines can be loaded with sneaky fillers and not-so-good-for-you ingredients. Allyson Kramer proves that low-cal doesn't have to mean low-satisfaction; these gluten-free, plant-based recipes are high in nutrients, have less than 300 calories per servingâand they taste amazing. Dig into Cheesy BBQ Kale Chips, Cinnamon Plum Streusel, Avocado Chick'n Salad, and so much more. There are no fillers, no added or refined sugars, and no processed ingredients you can't pronounce. Whether it's breakfast, lunch, snacks, small plates, entrees, or beverages, you'll find a hearty, healthy recipe for every craving. Â  ...more","
Food and Drink
",Five,http://books.toscrape.com//media/cache/5b/46/5b466903acc905deb89019c0407848c4.jpg
http://books.toscrape.com/catalogue/how-to-cook-everything-vegetarian-simple-meatless-recipes-for-great-food-how-to-cook-everything_471/index.html,2a9fcb3382d351c8,How to Cook Everything Vegetarian: Simple Meatless Recipes for Great Food (How to Cook Everything),Â£46.01,Â£46.01,In stock (7 available),"The ultimate one-stop vegetarian cookbook-from the author of the classic How to Cook EverythingHailed as ""a more hip Joy of Cooking"" by the Washington Post, Mark Bittman's award-winning book How to Cook Everything has become the bible for a new generation of home cooks, and the series has more than 1 million copies in print. Now, with How to Cook Everything: Vegetarian, Bi The ultimate one-stop vegetarian cookbook-from the author of the classic How to Cook EverythingHailed as ""a more hip Joy of Cooking"" by the Washington Post, Mark Bittman's award-winning book How to Cook Everything has become the bible for a new generation of home cooks, and the series has more than 1 million copies in print. Now, with How to Cook Everything: Vegetarian, Bittman has written the definitive guide to meatless meals-a book that will appeal to everyone who wants to cook simple but delicious meatless dishes, from health-conscious omnivores to passionate vegetarians.How to Cook Everything: Vegetarian includes more than 2,000 recipes and variations-far more than any other vegetarian cookbook. As always, Bittman's recipes are refreshingly straightforward, resolutely unfussy, and unfailingly delicious-producing dishes that home cooks can prepare with ease and serve with confidence. The book covers the whole spectrum of meatless cooking-including salads, soups, eggs and dairy, vegetables and fruit, pasta, grains, legumes, tofu and other meat substitutes, breads, condiments, desserts, and beverages. Special icons identify recipes that can be made in 30 minutes or less and in advance, as well as those that are vegan. Illustrated throughout with handsome line illustrations and brimming with Bittman's lucid, opinionated advice on everything from selecting vegetables to preparing pad Thai, How to Cook Everything: Vegetarian truly makes meatless cooking more accessible than ever.Praise for How to Cook Everything Vegetarian""Mark Bittman's category lock on definitive, massive food tomes continues with this well-thought-out ode to the garden and beyond. Combining deep research, tasty information, and delicious easy-to-cook recipes is Mark's forte and everything I want to cook is in here, from chickpea fries to cheese soufflÃ©s.""âMario Batali, chef, author, and entrepreneur""How do you make an avid meat eater (like me) fall in love with vegetarian cooking? Make Mark Bittman's How to Cook Everything Vegetarian part of your culinary library.""âBobby Flay, chef/owner of Mesa Grill and Bar Americain and author of the Mesa Grill Cookbook""Recipes that taste this good aren't supposed to be so healthy. Mark Bittman makes being a vegetarian fun.""âDr. Mehmet Oz, Professor of Surgery, New York-Presbyterian/Columbia Medical Center and coauthor of You: The Owner's Manual ...more","
Food and Drink
",Four,http://books.toscrape.com//media/cache/ca/5f/ca5f20fe544cc311dd126c60c7aa003e.jpg
http://books.toscrape.com/catalogue/how-to-be-a-domestic-goddess-baking-and-the-art-of-comfort-cooking_470/index.html,eff5710404e2ff78,How to Be a Domestic Goddess: Baking and the Art of Comfort Cooking,Â£28.25,Â£28.25,In stock (7 available),"Nigella Lawson's How to Be a Domestic Goddess is about not only baking, but the enjoyment of being in the kitchen, taking sensuous pleasure in the entire process, and relishing the outcome. Nigella's deliciously reassuring and mouthwatering cookbook demonstrates that it's not terribly difficult to bake a batch of muffins or a layer cake, but the appreciation and satisfacti Nigella Lawson's How to Be a Domestic Goddess is about not only baking, but the enjoyment of being in the kitchen, taking sensuous pleasure in the entire process, and relishing the outcome. Nigella's deliciously reassuring and mouthwatering cookbook demonstrates that it's not terribly difficult to bake a batch of muffins or a layer cake, but the appreciation and satisfaction they bring are disproportionately high. At last, a book that understands our anxieties, feeds our fantasies, and puts cakes, pies, pastries, breads, and biscuits back into our own kitchens. ...more","
Food and Drink
",Two,http://books.toscrape.com//media/cache/3b/67/3b673813904dce654eee394b9d308cfc.jpg
http://books.toscrape.com/catalogue/the-barefoot-contessa-cookbook_440/index.html,6478ccb4416e6a5d,The Barefoot Contessa Cookbook,Â£59.92,Â£59.92,In stock (6 available),"For more than twenty years, Barefoot Contessa, the acclaimed specialty food store, has been cooking and baking extraordinary dishes for enthusiastic customers in the Hamptons. For many of those years, people have tried to get the exuberant owner, Ina Garten, to share the secrets of her store. Finally, the energy and style that make Barefoot Contessa such a special place ar For more than twenty years, Barefoot Contessa, the acclaimed specialty food store, has been cooking and baking extraordinary dishes for enthusiastic customers in the Hamptons. For many of those years, people have tried to get the exuberant owner, Ina Garten, to share the secrets of her store. Finally, the energy and style that make Barefoot Contessa such a special place are shown here, with dozens of recipes and more than 160 breathtaking photographs, in The Barefoot Contessa Cookbook.Ina's most popular recipes use familiar ingredients, but they taste even better than you would expect. Her Pan-Fried Onion Dip is the real thing, with slowly car-amelized onions and fresh sour cream. Tomato soup is created from oven-roasted tomatoes and fresh basil to intensify the flavors. Meat loaf is as good as your grandmother's, but it's healthier because it's made with ground turkey and fresh herbs. The light and flaky Maple-Oatmeal Scones are baked with rolled oats, whole wheat, and real maple syrup. Now these and other famous Barefoot Contessa recipes can be prepared at home.Ina says that before she owned a specialty food store she often spent a week making dinner for six friends. Her experience at Barefoot Contessa has given her hundreds of ideas for creating wonderful parties in a few hours. And they're all in this book. Crab Cakes with RÃ©moulade Sauce can be stored overnight in the refrigerator and sautÃ©ed just before the guests arrive. Cheddar Corn Chowder can be made days ahead, reheated, and served with a salad and bread for a delicious autumn lunch. The ingredients for Grilled Salmon Salad can all be prepared ahead and tossed together before serving. The batter for the Raspberry Corn Muffins can be mixed a day before and popped into the oven just before breakfast.Ina Garten teaches us how to entertain with style, simplicity, and a relaxed sense of fun. There are notes throughout the book for giving cocktail parties, lunches, and dinner parties where everything is done before the guests arrive. And there are easy instructions for creating gorgeous party platters that don't even require you to cook!With Ina Garten and The Barefoot Contessa Cookbook, you have the perfect recipe for hosting parties that are easy and fun for everyone--including the cook. ...more","
Food and Drink
",Five,http://books.toscrape.com//media/cache/5f/c1/5fc1de838c428ae58f3a9ec08825d179.jpg
http://books.toscrape.com/catalogue/better-homes-and-gardens-new-cook-book_423/index.html,faf841f81c52638b,Better Homes and Gardens New Cook Book,Â£39.61,Â£39.61,In stock (6 available),"Features: Over 900 new recipes -- 1,200 in all-reflect current eating habits and lifestyles; 500 new photographs -- over 700 in all-including 60 percent more of finished food than the last edition; Dozens of new recipes offer ethnic flavours, fresh ingredients, or vegetarian appeal; Many recipes feature make-ahead directions or quick-to-the-table meals; New chapter provide Features: Over 900 new recipes -- 1,200 in all-reflect current eating habits and lifestyles; 500 new photographs -- over 700 in all-including 60 percent more of finished food than the last edition; Dozens of new recipes offer ethnic flavours, fresh ingredients, or vegetarian appeal; Many recipes feature make-ahead directions or quick-to-the-table meals; New chapter provides recipes for crockery cookers; Efficient, easy-to-read format, with recipes categorised into 21 chapters, each thoroughly indexed for easy reference; Expanded chapter on cooking basics includes advice on food safety, menu planning, table setting, and make-ahead cooking, plus a thorough glossary on ingredients and techniques; Appliance-friendly recipes help cooks save time and creatively use new kitchen tools; Nutrition information with each recipe, plus diabetic exchanges; Contemporary food photography attracts browsers and helps cooks discover new recipes to make; Icons identify low-fat, no-fat, fast, and best-loved recipes; Every recipe tested and perfected by the Better Homes and Gardens Test Kitchen; Revised and updated cooking charts, ingredient photos, emergency substitutions, and equivalents; Respected, reliable kitchen reference with hundreds of cooking terms, tips, and techniques. ...more","
Food and Drink
",Three,http://books.toscrape.com//media/cache/71/21/712105c4429489160c7a6f9e4824fcc6.jpg
http://books.toscrape.com/catalogue/the-power-greens-cookbook-140-delicious-superfood-recipes_410/index.html,f701fae56b645ef7,The Power Greens Cookbook: 140 Delicious Superfood Recipes,Â£11.05,Â£11.05,In stock (5 available),"The Power Greens Cookbook presents 140 delicious, healthy recipes for dark, leafy greens that will please your palate and inspire you to clean your plate.Kale and collards donât have to be the only greens on your shopping list anymore. Rising stars include romaine and parsley, Brussels sprouts and beet greens, and more. But say the words âEat your greens,â and even though The Power Greens Cookbook presents 140 delicious, healthy recipes for dark, leafy greens that will please your palate and inspire you to clean your plate.Â Kale and collards donât have to be the only greens on your shopping list anymore. Rising stars include romaine and parsley, Brussels sprouts and beet greens, and more. But say the words âEat your greens,â and even though we know theyâre good for us, many people are afraid that they wonât taste good. Fear no more! The Power Greens Cookbook provides go-to recipes that are both nutritious and delicious. Â  Acclaimed cookbook author and blogger Dana Jacobi expands your culinary repertoire and introduces the fifteen Power Greensâfrom arugula to watercressâthat are loaded with health-supporting nutrients and phytochemicals that enhance vitality, all the while protecting against diabetes, heart disease, and high blood pressure, fortifying eyes and muscles, even making your skin glow. Jacobi also shares simple cooking techniques that help you prepare these super veggies quickly. Including main dishes and hearty salads, dips, spreads, snacks, and even drinks, The Power Greens Cookbook offers myriad mouthwatering vegetable-centric recipes. Â â¢ Soups: Cabbage and Brussels Sprouts Soup, Spinach Gazpacho with Walnuts, Hoppinâ John Stew with Mustard Greensâ¢ Salads: Caesar Salad with Parmesan Chickpeas, Tuscan Kale Salad with Pomegranate Seeds and Walnuts, Beets and Beet Greens with Citrus Dressingâ¢ Main Dishes: Red Beans and Smoky Greens, Kale-Smothered Pork Chops with Carrot and Apple, Tortelloni with Broccoli Rabe Floretsâ¢ Small Meals and Snacks: Avocado and Watercress Tartine, Grilled Cheese and Tomato Sandwich with Kimchi, Poached Eggs in a Nest of Bacon-Wilted Kaleâ¢ Side Dishes and Condiments: Carrots with Wild Arugula Pesto, French Lettuce Stir-Fry, Tahini Creamed Spinach, Kale Zaâatar Â Shown in dozens of tantalizing photographs, these dishes are sure to become mainstays in your kitchen for weeknight family meals, casual entertaining, and elegant dinner parties. From the cruciferous and crunchy to the leafy and light, The Power Greens Cookbook is just what the doctorâand your taste budsâordered. ...more","
Food and Drink
",Five,http://books.toscrape.com//media/cache/21/65/21651189fd05220e11ea5a1bd99ce58b.jpg
http://books.toscrape.com/catalogue/mexican-today-new-and-rediscovered-recipes-for-contemporary-kitchens_387/index.html,12a90b90283b2e6d,Mexican Today: New and Rediscovered Recipes for Contemporary Kitchens,Â£24.91,Â£24.91,In stock (5 available),"Intriguing recipes for everyday meals from the host of the PBS series Patiâs Mexican Table On her PBS TV series, now in its fifth season, as well as in frequent appearances on shows like The Chew, Pati Jinich, a busy mother of three, has shown a flair for making Mexican cooking irresistibly accessible. In Mexican Today, she shares easy, generous dishes, both traditional on Intriguing recipes for everyday meals from the host of the PBS series Patiâs Mexican Table On her PBS TV series, now in its fifth season, as well as in frequent appearances on shows like The Chew, Pati Jinich, a busy mother of three, has shown a flair for making Mexican cooking irresistibly accessible. In Mexican Today, she shares easy, generous dishes, both traditional ones and her own new spins. Some are regional recipes she has recovered from the past and updated, like Minersâ Enchiladas with fresh vegetables and cheese or Drunken Rice with Chicken and Chorizo, a specialty of the YucatÃ¡n. âSweatyâ Tacos with ripe tomatoes and cheese are so convenient theyâre sold on Mexican streets by bicyclists. Her grandmotherâs Cornflake Cookies feel just as contemporary now as they did then.Â Â Pati has âMexed upâ other recipes in such family favorites as Mexican Pizza with Grilled Skirt Steak and Onions. Still other dishes show the evolution of Mexican food north and south of the border, including Mexican Dreamboat Hotdogs and Cal-Mex Fish Tacos with Creamy Slaw. This food will draw everyone togetherâa family at the end of a working day, a book club, or a neighborhood potluck.Â  Throughout, Pati is an infectious cheerleader, sharing stores of the food, people, and places behind the recipes. ...more","
Food and Drink
",Five,http://books.toscrape.com//media/cache/c2/19/c219b1be1e325abd2244ace190870569.jpg
http://books.toscrape.com/catalogue/vegan-vegetarian-omnivore-dinner-for-everyone-at-the-table_297/index.html,4672d10b9b1e7a05,Vegan Vegetarian Omnivore: Dinner for Everyone at the Table,Â£13.66,Â£13.66,In stock (3 available),"For years, Anna Thomasâs fans have cooked from her trailblazing vegetarian cookbooks. Now, Anna turns her thoughts to that larger question. We are eating differently: your daughter is a vegan, or you are but your in-laws donât think itâs dinner without meat, or youâre hosting Thanksgiving for a mixed groupâ¦ In this timely and useful new book, Anna offers her solutions for For years, Anna Thomasâs fans have cooked from her trailblazing vegetarian cookbooks. Now, Anna turns her thoughts to that larger question. We are eating differently: your daughter is a vegan, or you are but your in-laws donât think itâs dinner without meat, or youâre hosting Thanksgiving for a mixed groupâ¦ In this timely and useful new book, Anna offers her solutions for reuniting our divided tables.âMy idea is simple,â says Anna. âStart with the food everyone eats, design a meal or a dish around that, then expand and elaborate with just the right amounts of the right cheeses, meats, or fish for your omnivores. Everyone feels welcome, and we eat the same mealâbut in variations.âAnna shows us how to cook for todayâs table, with over 150 recipes for all tastes, and menus for every occasion. For a casual evening with friends, Farro with Lentils and Lavender served with Ratatouille from the Charcoal Grill makes a beautiful vegan supperâand also pairs wonderfully with garlic-and-herb rubbed lamb chops for the omnivores. Annaâs crowd-pleasing Easy Fish Soup begins as a robust vegetable soup, with seafood added five minutes before servingâan ideal two-way dish. A vegetarian Lemon Risotto with SautÃ©ed Fresh Fava Beans is perfect on its own, and can easily take on tender shrimp. For dessert, have vegan Pumpkin Gingerbread and add vanilla ice cream, or serve a delectable Dark Chocolate Almond Bark studded with ginger and dried cherries.Annaâs festive âThanksgiving for Everyoneâ menu centers on a sumptuous Polenta Torta with Roasted Squash and onion marmalade, surrounded by an array of seasonal vegetablesâall pairing equally well with roast turkey for the traditionalists. âTaco Night at Homeâ allows everyone to design their perfect meal, mixing and matching from a spread of Spicy Black Beans, Poblano Peppers with Portobello Mushrooms, Carnitas, and Guajillo Chile Salsa. Annaâs exuberant Mediterranean mezze menu is a relaxed summer party, featuring vegan Roasted Eggplant and Poblano Chile Spread with flatbread, Tabbouleh with Chickpeas and Preserved Lemon, Charred Zucchini with Lemon and Mint, and Baked Lamb Kibbeh Wedges for the omnivores.With dishes inspired by the vibrant produce of farmersâ markets, Anna shares her love of cooking and of hospitality. Vegan Vegetarian Omnivore shows us how to navigate a world of change, and bring all our friends and family together at one big, generous table. ...more","
Food and Drink
",Two,http://books.toscrape.com//media/cache/a1/c7/a1c7dfc9ebc338043cb0420a49f58f5e.jpg
http://books.toscrape.com/catalogue/the-smitten-kitchen-cookbook_281/index.html,742702d662a71410,The Smitten Kitchen Cookbook,Â£23.59,Â£23.59,In stock (3 available),"The long-awaited cookbook by Deb Perelman of Smitten Kitchenâhome cook, mom, photographer, and celebrated food blogger.Deb Perelman loves to cook. Itâs as simple as that. She isnât a chef or a restaurant ownerâsheâs never even waitressed. Cooking in her tiny Manhattan kitchen was, at least at first, for special occasionsâand, too often, an unnecessarily daunting venture. D The long-awaited cookbook by Deb Perelman of Smitten Kitchenâhome cook, mom, photographer, and celebrated food blogger.Deb Perelman loves to cook. Itâs as simple as that. She isnât a chef or a restaurant ownerâsheâs never even waitressed. Cooking in her tiny Manhattan kitchen was, at least at first, for special occasionsâand, too often, an unnecessarily daunting venture. Deb found herself overwhelmed by the number of recipes available to her. Have you ever searched for the perfect birthday cake on Google? Youâll get more than three million results. How do you choose? Where do you start? What if you pick a recipe thatâs downright bad?So Deb founded her award-winning blog, smittenkitchen.com, on the premise that cooking should be a pleasure, and that the results of your labor canâand should beâdelicious...every time. Deb is a firm believer that there are no bad cooks, just bad recipes. She has dedicated herself to finding the best of the best and adapting them for the everyday cookâthe ones with little time to spare, little money to burn on unpronounceable ingredients, and little help in the kitchen. And now, with the same warmth, candor, and can-do spirit her blog is known for, Deb presents her first cookbookâmore than 100 new recipes, plus a few favorites from her site, all gorgeously illustrated with hundreds of Debâs beautiful color photographs.The Smitten Kitchen Cookbook is all about approachable, uncompromised home cooking: stepped-up comfort foods, stewy dishes for windy winter afternoons, an apple cake that will answer all questions: âWhat should my new signature dessert be?â âWhat is always welcome at a potluck?â âWhat did Deb consume almost single-handedly a week after having a baby?â These are the recipes you bookmark and use so often they become your own; recipes you slip to a friend who wants to impress her new in-laws; and recipes with simple ingredients that yield amazing results in a minimum amount of time. Deb tells you how to host a brunch and still sleep inâplus what to make for it!âand the essential items you need for your own kitchen. From salads and slaws that make perfect side dishes (or a full meal) to savory tarts and pizzas; from Mushroom Bourguignon to Pancetta, White Bean and Swiss Chard Pot Pies; from Buttered Popcorn Cookies to Chocolate Hazelnut Layer Cake, Deb knows just the thing for a Tuesday night, or your most special occasion. ...more","
Food and Drink
",One,http://books.toscrape.com//media/cache/93/cb/93cb59d2fa8bab28812989e1a33b4cae.jpg
http://books.toscrape.com/catalogue/the-art-of-simple-food-notes-lessons-and-recipes-from-a-delicious-revolution_229/index.html,311634df10651e05,"The Art of Simple Food: Notes, Lessons, and Recipes from a Delicious Revolution",Â£34.32,Â£34.32,In stock (3 available),"Perhaps more responsible than anyone for the revolution in the way we eat, cook, and think about food, Alice Waters has âsingle-handedly chang[ed] the American palateâ according to the New York Times. Her simple but inventive dishes focus on a passion for flavor and a reverence for locally produced, seasonal foods.With an essential repertoire of timeless, approachable reci Perhaps more responsible than anyone for the revolution in the way we eat, cook, and think about food, Alice Waters has âsingle-handedly chang[ed] the American palateâ according to the New York Times. Her simple but inventive dishes focus on a passion for flavor and a reverence for locally produced, seasonal foods.With an essential repertoire of timeless, approachable recipes chosen to enhance and showcase great ingredients, The Art of Simple Food is an indispensable resource for home cooks. Here you will find Aliceâs philosophy on everything from stocking your kitchen, to mastering fundamentals and preparing delicious, seasonal inspired meals all year long. Always true to her philosophy that a perfect meal is one thatâs balanced in texture, color, and flavor, Waters helps us embrace the seasonsâ bounty and make the best choices when selecting ingredients. Fill your market basket with pristine produce, healthful grains, and responsibly raised meat, poultry, and seafood, then embark on a voyage of culinary rediscovery that reminds us that the most gratifying dish is often the least complex. ...more","
Food and Drink
",Three,http://books.toscrape.com//media/cache/ce/50/ce507dd8849b38d2c3eebb0e691c1aab.jpg
http://books.toscrape.com/catalogue/hungry-girl-clean-hungry-easy-all-natural-recipes-for-healthy-eating-in-the-real-world_171/index.html,6c4d17a46cac8787,Hungry Girl Clean & Hungry: Easy All-Natural Recipes for Healthy Eating in the Real World,Â£33.14,Â£33.14,In stock (3 available),"The instant New York Times and USA Today bestsellerHungry Girl Clean & Hungry: Healthy Recipes for Clean Eating in the Real WorldComplete with full-color photos of EVERY recipe, Hungry Girl Clean & Hungry combines the best of Hungry Girl with the best of clean eating. The food is still guilt-free, and the portions are still huge...but now Lisa Lillien is highlighti The instant New York Times and USA Today bestsellerHungry Girl Clean & Hungry: Healthy Recipes for Clean Eating in the Real WorldComplete with full-color photos of EVERY recipe, Hungry Girl Clean & Hungry combines the best of Hungry Girl with the best of clean eating. The food is still guilt-free, and the portions are still huge...but now Lisa Lillien is highlighting CLEAN ingredients and doing away with artificial and processed foods. This book gives mainstream America delicious, satisfying, and clean recipes, using healthy ingredients found in supermarkets everywhere. The best part? The recipes are so easy, anyone can make 'em!Featuring...90 vegetarian recipes108 gluten-free recipes56 recipes in 30 minutes or less43 recipes with 5 ingredients or lessRecipes like...PB&J Waffles (203 calories)BBQ Meatloaf (196 calories)Hawaiian Shrimp Fried Rice with Pineapple (229 calories)Fudgy Flourless Chocolate Cake (100 calories)Finally... a real-world (and DELICIOUS) approach to clean eating! ...more","
Food and Drink
",Three,http://books.toscrape.com//media/cache/54/63/54630f76b730d2d00dc8d75921992af2.jpg
