product_page_URL,universal_ product_code,title,price_including_tax,price_excluding_tax,number_available,product_description,category,review_rating,image_url
http://books.toscrape.com/catalogue/libertarianism-for-beginners_982/index.html,a18a4f574854aced,Libertarianism for Beginners,Â£51.33,Â£51.33,In stock (19 available),"Libertarianism isn't about winning elections; it is first and foremost a political philosophy--a description of how, in the opinion of libertarians, free people ought to treat one another, at least when they use the law, which they regard as potentially dangerous. If libertarians are correct, the law should intrude into people's lives as little as possible, rarely telling Libertarianism isn't about winning elections; it is first and foremost a political philosophy--a description of how, in the opinion of libertarians, free people ought to treat one another, at least when they use the law, which they regard as potentially dangerous. If libertarians are correct, the law should intrude into people's lives as little as possible, rarely telling them what to do or how to live.A political and economic philosophy as old as John Locke and John Stuart Mill, but as alive and timely as Rand Paul, the Tea Party, and the novels of Ayn Rand, libertarianism emphasizes individual rights and calls for a radical reduction in the power and size of government. ""Libertarianism For Beginners"" lays out the history and principles of this often-misunderstood philosophy in lucid, dispassionate terms that help illuminate today's political dialogue."" ...more","
Politics
",Two,http://books.toscrape.com//media/cache/91/a4/91a46253e165d144ef5938f2d456b88f.jpg
http://books.toscrape.com/catalogue/why-the-right-went-wrong-conservatism-from-goldwater-to-the-tea-party-and-beyond_781/index.html,2b5054a4192e9b06,Why the Right Went Wrong: Conservatism--From Goldwater to the Tea Party and Beyond,Â£52.65,Â£52.65,In stock (14 available),"âDionne's expertise is evident in this finely crafted and convincing work.â âThe Los Angeles TimesFrom one of our most engaging political reporters and the author of Why Americans Hate Politics; the story of conservatism from the Goldwater 1960s to the present day Tea Party that has resulted in broken promises and an ideological purity that drives moderate Republicans away âDionne's expertise is evident in this finely crafted and convincing work.â âThe Los Angeles TimesFrom one of our most engaging political reporters and the author of Why Americans Hate Politics; the story of conservatism from the Goldwater 1960s to the present day Tea Party that has resulted in broken promises and an ideological purity that drives moderate Republicans away.Why the Right Went Wrong offers a historical view of the right since the 1960s. Its core contention is that American conservatism and the Republican Party took a wrong turn when they adopted Barry Goldwaterâs worldview during and after the 1964 campaign. The radicalism of todayâs conservatism is not the product of the Tea Party, Washington Post columnist E.J. Dionne writes. The Tea Partiers are the true heirs to Goldwater ideology. The purity movement did more than drive moderates out of the Republican Partyâit beat back alternative definitions of conservatism.Since 1968, no conservative administrationânot Nixon not Reagan not two Bushesâcould live up to the rhetoric rooted in the Goldwater movement that began to reshape American politics fifty years ago. The collapse of the Nixon presidency led to the rise of Ronald Reagan, the defeat of George H.W. Bush, to Newt Gingrichâs revolution. Bush initially undertook a partial modernization, preaching âcompassionate conservatismâ and a âFourth Wayâ to Clintonâs âThird Way.â Conservatives quickly defined him as an advocate of âbig governmentâ and not conservative enough on spending, immigration, education, and Medicare. A return to the true faith was the only prescription on order. The result was the Tea Party, which Dionne says, was as much a reaction to Bush as to Obama.The state of the Republican party, controlled by the strictest base, is diminished, Dionne writes. It has become white and older in a country that is no longer that. It needs to come back to life for its own health and that of the countryâs, and in Why the Right Went Wrong, he explains how. ...more","
Politics
",Four,http://books.toscrape.com//media/cache/cd/64/cd64ccda3382d62fea8167eaadd6c9a0.jpg
http://books.toscrape.com/catalogue/equal-is-unfair-americas-misguided-fight-against-income-inequality_617/index.html,3968e3fbf4695d7c,Equal Is Unfair: America's Misguided Fight Against Income Inequality,Â£56.86,Â£56.86,In stock (12 available),"Weâve all heard that the American Dream is vanishing, and that the cause is rising income inequality. The rich are getting richer by rigging the system in their favor, leaving the rest of us to struggle just to keep our heads above water. To save the American Dream, weâre told that we need to fight inequality through tax hikes, wealth redistribution schemes, and a far high Weâve all heard that the American Dream is vanishing, and that the cause is rising income inequality. The rich are getting richer by rigging the system in their favor, leaving the rest of us to struggle just to keep our heads above water. To save the American Dream, weâre told that we need to fight inequality through tax hikes, wealth redistribution schemes, and a far higher minimum wage.But what if that narrative is wrong? What if the real threat to the American Dream isnât rising income inequalityâbut an all-out war on success?In Equal is Unfair, a timely and thought-provoking work, Don Watkins and Yaron Brook reveal that almost everything weâve been taught about inequality is wrong. Youâll discover:â¢ why successful CEOs make so much moneyâand deserve toâ¢ how the minimum wage hurts the very people it claims to helpâ¢ why middle-class stagnation is a mythâ¢ how the little-known history of Sweden reveals the dangers of forced equalityâ¢ the disturbing philosophy behind Obamaâs economic agenda.The critics of inequality are right about one thing: the American Dream is under attack. But instead of fighting to make America a place where anyone can achieve success, they are fighting to tear down those who already have. The real key to making America a freer, fairer, more prosperous nation is to protect and celebrate the pursuit of successânot pull down the high fliers in the name of equality. ...more","
Politics
",One,http://books.toscrape.com//media/cache/a6/3b/a63b2576d798c2041c602561499a26aa.jpg
