product_page_URL,universal_ product_code,title,price_including_tax,price_excluding_tax,number_available,product_description,category,review_rating,image_url
http://books.toscrape.com/catalogue/i-had-a-nice-time-and-other-lies-how-to-find-love-sht-like-that_814/index.html,fd8585283fc7d2d7,I Had a Nice Time And Other Lies...: How to find love & sh*t like that,Â£57.36,Â£57.36,In stock (15 available),"The New York Times bestselling authors of Nice Is Just a Place in France and creators of the online humor and advice phenomenon Betches.com and Instagram account @Betches explain the brutal truths of how to date like a true betch, with insights from the Head Pro.In the age of Tinder, Hinge, or any other dating app that matches you with randos, the dating game has grown com The New York Times bestselling authors of Nice Is Just a Place in France and creators of the online humor and advice phenomenon Betches.com and Instagram account @Betches explain the brutal truths of how to date like a true betch, with insights from the Head Pro.In the age of Tinder, Hinge, or any other dating app that matches you with randos, the dating game has grown complex and confusing. Cue the Betchesâfirst, we helped you win at basically everything, and now weâre going to help you win the most important battle a betch can face. Maybe youâre a Delusional Dater who needs to get in touch with reality (seriously, heâs just NOT that f***ing into you) or perhaps youâre a TGF who needs to stop being so desperate and start playing the game. Or maybe youâre just tired of swiping left and ready for the pro of your dreams to put a 15-karat diamond ring on it so you can stop pretending to do work. Either way, weâve got you covered. With insight from the Betchesâ own Head Pro, this book is a must-have bible for any betch looking for love. So put away the Ben & Jerryâs fro-yo (just because itâs low fat doesnât mean itâs okay to eat the whole tub) and start dating like a winner. ...more","
Womens Fiction
",Four,http://books.toscrape.com//media/cache/60/e9/60e9df360fec611b15a1bbb4c28aad22.jpg
http://books.toscrape.com/catalogue/will-you-wont-you-want-me_644/index.html,077b635ff2afc578,Will You Won't You Want Me?,Â£13.86,Â£13.86,In stock (12 available),"Marjorie Plum never meant to peak in high school. She was Queen Bee. Now, 10 years later, she's lost her sparkle. At her bleakest moment, sheâs surprised by renewed interest from a questionable childhood crush, and the bickering with her cranky bossâat a potentially game-changing new jobâgrows increasingly like flirtatious banter. Suddenly, sheâs faced with a choice betwee Marjorie Plum never meant to peak in high school. She was Queen Bee. Now, 10 years later, she's lost her sparkle. At her bleakest moment, sheâs surprised by renewed interest from a questionable childhood crush, and the bickering with her cranky bossâat a potentially game-changing new jobâgrows increasingly like flirtatious banter. Suddenly, sheâs faced with a choice between the life she always dreamed of and one she never thought to imagine. With the help of a precocious 11-year-old tutee, who unknowingly becomes the Ghost of Marjorie Past, and a musician roommate, who looks like a pixie and talks like the Dalai Lama, Marjorie struggles with the ultimate question: Who does she want to be? Nora Zelevanskyâs Will You Wonât You Want Me? is a funny, often surprising, novel about growing up when you are already supposed to be grown. ...more","
Womens Fiction
",Three,http://books.toscrape.com//media/cache/b9/ef/b9efe934eaeb1f51ad31a971188d7bc3.jpg
http://books.toscrape.com/catalogue/keep-me-posted_594/index.html,20dc4f1ac5d4fd9c,Keep Me Posted,Â£20.46,Â£20.46,In stock (11 available),"Two sisters share the surprising highs and cringe-worthy lows of social media fame, when their most private thoughts become incredibly public in this fresh and funny debut novel. Sisters Cassie and Sid Sunday have not done a bang-up job of keeping in touch. In their defense, it hasnât been easy: life veered in sharply different directions for the once-close sisters. Today, Two sisters share the surprising highs and cringe-worthy lows of social media fame, when their most private thoughts become incredibly public in this fresh and funny debut novel. Sisters Cassie and Sid Sunday have not done a bang-up job of keeping in touch. In their defense, it hasnât been easy: life veered in sharply different directions for the once-close sisters. Today, beautiful and big-hearted Sid lives an expatâs life of leisure in far-off Singapore, while harried, iPhone-clutching Cassie canât seem to make it work as a wife and a mom to twin toddlers in Manhattan. Â  It doesn't help that Sid spurns all social media while Cassie is addicted to Facebook. So when Sid issues a challenge to reconnect the old-fashioned wayâthrough real, handwritten lettersâCassie figures, why not? Â  The experiment exceeds both of their expectations, and the letters become a kind of mutual confessional that have real and soul-satisfying effects. And they just might have the power to help Cassie save her marriage, and give Sid the strength to get her life back on track. Â  But first, one of Cassieâs infamous lapses in judgment comes back to bite her, and all of the letters wind up the one place youâd never, ever want to see them: the Internet... ...more","
Womens Fiction
",Four,http://books.toscrape.com//media/cache/9c/84/9c845ad6a9d4ecf44d53ac0e3b8f54ae.jpg
http://books.toscrape.com/catalogue/grey-fifty-shades-4_592/index.html,b5953ca1f8a0b8d7,Grey (Fifty Shades #4),Â£48.49,Â£48.49,In stock (11 available),"See the world of Fifty Shades of Grey anew through the eyes of Christian Grey.In Christian's own words, and through his thoughts, reflections, and dreams, E L James offers a fresh perspective on the love story that has enthralled millions of readers around the world.Christian Grey exercises control in all things; his world is neat, disciplined, and utterly emptyâuntil the See the world of Fifty Shades of Grey anew through the eyes of Christian Grey.In Christian's own words, and through his thoughts, reflections, and dreams, E L James offers a fresh perspective on the love story that has enthralled millions of readers around the world.Christian Grey exercises control in all things; his world is neat, disciplined, and utterly emptyâuntil the day that Anastasia Steele falls into his office, in a tangle of shapely limbs and tumbling brown hair.Â He tries to forget her, but instead is swept up in a storm of emotion he cannot comprehend and cannot resist.Â Unlike any woman he has known before, shy, unworldly Ana seems to see right through himâpast the business prodigy and the penthouse lifestyle to Christianâs cold,Â wounded heart.Â Â Will being with Ana dispel the horrors of his childhood that haunt Christian every night? Or will his dark sexual desires, his compulsion to control, and the self-loathing that fills his soul drive this girl away and destroy the fragile hope she offers him?This book is intended for mature audiences. ...more","
Womens Fiction
",Four,http://books.toscrape.com//media/cache/c8/06/c806501c08d2b2cd72f2362a3da6ab80.jpg
http://books.toscrape.com/catalogue/meternity_478/index.html,725cd8d23d78cdca,Meternity,Â£43.58,Â£43.58,In stock (7 available),"The novel your book club must discuss!Meghann Foye was interviewed on The TODAY Show and The View regarding her new book Meternity.""A fresh, contemporary take on love and work, marriage and motherhood, Meternity is guaranteed to surprise and delight!"" Ã¢""Emily Giffin, #1 New York Times bestselling author of Something Borrowed and First Comes LoveLike everyone in New York me The novel your book club must discuss!Meghann Foye was interviewed on The TODAY Show and The View regarding her new book Meternity.""A fresh, contemporary take on love and work, marriage and motherhood, Meternity is guaranteed to surprise and delight!"" Ã¢â¬""Emily Giffin, #1 New York Times bestselling author of Something Borrowed and First Comes LoveLike everyone in New York media, editor Liz Buckley runs on cupcakes, caffeine and cocktails. But at thirty-one, she's plateaued at Paddy Cakes, a glossy baby magazine that flogs thousand-dollar strollers to entitled, hypercompetitive spawn-havers.Liz has spent years working a gazillion hours a week picking up the slack for coworkers with kids, and she's tired of it. So one day when her stress-related nausea is mistaken for morning sickness by her bossesÃ¢â¬""boom! Liz is promoted to the mommy track. She decides to run with it and plans to use her paid time off to figure out her life: work, love and otherwise. It'll be her ""meternity"" leave.By day, Liz rocks a foam-rubber belly under fab maternity outfits. By night, she dumps the bump for karaoke nights and boozy dinners out. But how long can she keep up her charadeÃ¢â¬Â¦and hide it from the guy who might just be The One?As her ""due date"" approaches, Liz is exhaustedÃ¢â¬""and exhilaratedÃ¢â¬""by the ruse, the guilt and the feelings brought on by a totally fictional belly-tenantÃ¢â¬Â¦about happiness, success, family and the nature of love. ...more","
Womens Fiction
",Three,http://books.toscrape.com//media/cache/e3/33/e33394096291284ed1f80c5b13c4e1f3.jpg
http://books.toscrape.com/catalogue/some-women_341/index.html,31f5bbf4974d29c9,Some Women,Â£13.73,Â£13.73,In stock (4 available),"An engrossing and thought provoking novel that examines the intricacies of marriage, friendship, and the power of unexpected connectionsâ¦Annabel Ford has everything under control, devoting her time to her twin five-year-old boys and to keeping her household running seamlessly. So when her husband of a decade announces that heâs leaving her, without warning, sheâs blindside An engrossing and thought provoking novel that examines the intricacies of marriage, friendship, and the power of unexpected connectionsâ¦Annabel Ford has everything under control, devoting her time to her twin five-year-old boys and to keeping her household running seamlessly. So when her husband of a decade announces that heâs leaving her, without warning, sheâs blindsided. And suddenly her world begins to unravel.Single mother Piper Whitley has always done her best to balance it allâraising her daughter Fern by herself and advancing her career as a crime reporter. Only now that sheâs finally met the man of her dreams, Fernâs absentee father arrives on the scene and throws everything into a tailspin.Married to the heir of a thriving media conglomerate, Mackenzie Mead has many reasons to count her blessings. But with an imperious mother-in-lawâwhoâs also her bossâand a husband with whom she can no longer seem to connect, something has to give.On the surface, these three women may not have much in common. Yet when their lives are thrust together and unlikely friendships are formedâat a time when they all need someone to lean onâAnnabel, Piper, and Mackenzie band together to help each navigate their new realities. ...more","
Womens Fiction
",Five,http://books.toscrape.com//media/cache/2f/71/2f710e4c53d98e47b73e4d34702a6751.jpg
http://books.toscrape.com/catalogue/shopaholic-ties-the-knot-shopaholic-3_340/index.html,38199c5d7da0c0ef,Shopaholic Ties the Knot (Shopaholic #3),Â£48.39,Â£48.39,In stock (4 available),"Life has been good for Becky Bloomwood: Sheâs become the best personal shopper at Barneys, she and her successful entrepreneurial boyfriend, Luke, are living happily in Manhattanâs West Village, and her new next-door neighbor is a fashion designer! But with her best friend, Suze, engaged, how can Becky fail to notice that her own ring finger is bare? Not that sheâs been th Life has been good for Becky Bloomwood: Sheâs become the best personal shopper at Barneys, she and her successful entrepreneurial boyfriend, Luke, are living happily in Manhattanâs West Village, and her new next-door neighbor is a fashion designer! But with her best friend, Suze, engaged, how can Becky fail to notice that her own ring finger is bare? Not that sheâs been thinking of marriage (or diamonds) or anything . . . Then Luke proposes! Bridal registries dance in Beckyâs head. Problem is, two other people are planning her wedding: Beckyâs overjoyed mother has been waiting forever to host a backyard wedding, with the bride resplendent in Mumâs frilly old gown. While Lukeâs high-society mother is insisting on a glamorous, all-expenses-paid affair at the Plaza. Both weddings for the same day. And Becky canât seem to turn down either one. Can everyoneâs favorite shopaholic tie the knot before everything unravels? ...more","
Womens Fiction
",Five,http://books.toscrape.com//media/cache/d0/f8/d0f8f438caa5e7adc1c727da4f06ca64.jpg
http://books.toscrape.com/catalogue/can-you-keep-a-secret_315/index.html,0812f54c93d726ce,Can You Keep a Secret?,Â£21.94,Â£21.94,In stock (4 available),"Meet Emma Corrigan, a young woman with a huge heart, an irrepressible spirit, and a few little secrets: Secrets from her boyfriend: I've always thought Connor looks a bit like Ken. As in Barbie and Ken. Secrets from her mother: I lost my virginity in the spare bedroom with Danny Nussbaum while Mum and Dad were downstairs watching Ben-Hur. Secrets she wouldn't share with an Meet Emma Corrigan, a young woman with a huge heart, an irrepressible spirit, and a few little secrets: Secrets from her boyfriend: I've always thought Connor looks a bit like Ken. As in Barbie and Ken. Secrets from her mother: I lost my virginity in the spare bedroom with Danny Nussbaum while Mum and Dad were downstairs watching Ben-Hur. Secrets she wouldn't share with anyone in the world: I have no idea what NATO stands for. Or even what it is. Until she spills them all to a handsome stranger on a plane. At least, she thought he was a stranger.â¦Until Emma comes face-to-face with Jack Harper, the company's elusive CEO, a man who knows every single humiliating detail about her... ...more","
Womens Fiction
",One,http://books.toscrape.com//media/cache/e1/24/e124fe015a3ffa6857eb35c39e89cd61.jpg
http://books.toscrape.com/catalogue/twenties-girl_292/index.html,8ebad30219b8679c,Twenties Girl,Â£42.80,Â£42.80,In stock (3 available),"Lara Lington has always had an overactive imagination, but suddenly that imagination seems to be in overdrive. Normal professional twenty-something young women don't get visited by ghosts. Or do they?When the spirit of Lara's great-aunt Sadie-a feisty, demanding girl with firm ideas about fashion, love, and the right way to dance-mysteriously appears, she has one request: Lara Lington has always had an overactive imagination, but suddenly that imagination seems to be in overdrive. Normal professional twenty-something young women don't get visited by ghosts. Or do they?When the spirit of Lara's great-aunt Sadie-a feisty, demanding girl with firm ideas about fashion, love, and the right way to dance-mysteriously appears, she has one request: Lara must find a missing necklace that had been in Sadie's possession for more than seventy-five years, because Sadie cannot rest without it.Lara and Sadie make a hilarious sparring duo, and at first it seems as though they have nothing in common. But as the mission to find Sadie's necklace leads to intrigue and a new romance for Lara, these very different ""twenties"" girls learn some surprising truths from and about each other. Written with all the irrepressible charm and humor that have made Sophie Kinsella's books beloved by millions, Twenties Girl is also a deeply moving testament to the transcendent bonds of friendship and family. ...more","
Womens Fiction
",Two,http://books.toscrape.com//media/cache/49/ec/49ec020f1dfa44313313495b809f74f1.jpg
http://books.toscrape.com/catalogue/the-undomestic-goddess_286/index.html,813cff2aefa5d1f0,The Undomestic Goddess,Â£45.75,Â£45.75,In stock (3 available),"Workaholic attorney Samantha Sweeting has just done the unthinkable. Sheâs made a mistake so huge, itâll wreck any chance of a partnership. Going into utter meltdown, she walks out of her London office, gets on a train, and ends up in the middle of nowhere. Asking for directions at a big, beautiful house, sheâs mistaken for an interviewee and finds herself being offered a Workaholic attorney Samantha Sweeting has just done the unthinkable. Sheâs made a mistake so huge, itâll wreck any chance of a partnership. Going into utter meltdown, she walks out of her London office, gets on a train, and ends up in the middle of nowhere. Asking for directions at a big, beautiful house, sheâs mistaken for an interviewee and finds herself being offered a job as housekeeper. Her employers have no idea theyâve hired a lawyerâand Samantha has no idea how to work the oven. She canât sew on a button, bake a potato, or get the #@%# ironing board to open. How she takes a deep breath and begins to copeâand finds loveâis a story as delicious as the bread she learns to bake. But will her old life ever catch up with her? And if it doesâ¦will she want it back? ...more","
Womens Fiction
",Four,http://books.toscrape.com//media/cache/e3/e9/e3e95f631eb64252324768ce795b50d7.jpg
http://books.toscrape.com/catalogue/the-nanny-diaries-nanny-1_265/index.html,6263c1d2997b8ce0,The Nanny Diaries (Nanny #1),Â£52.53,Â£52.53,In stock (3 available),"Wanted: One young woman to take care of four-year-old boy. Must be cheerful, enthusiastic and selfless--bordering on masochistic. Must relish sixteen-hour shifts with a deliberately nap-deprived preschooler. Must love getting thrown up on, literally and figuratively, by everyone in his family. Must enjoy the delicious anticipation of ridiculously erratic pay. Mostly, must Wanted: One young woman to take care of four-year-old boy. Must be cheerful, enthusiastic and selfless--bordering on masochistic. Must relish sixteen-hour shifts with a deliberately nap-deprived preschooler. Must love getting thrown up on, literally and figuratively, by everyone in his family. Must enjoy the delicious anticipation of ridiculously erratic pay. Mostly, must love being treated like fungus found growing out of employers HermÃ¨s bag. Those who take it personally need not apply.Who wouldn't want this job? Struggling to graduate from NYU and afford her microscopic studio apartment, Nanny takes a position caring for the only son of the wealthy X family. She rapidly learns the insane amount of juggling involved to ensure that a Park Avenue wife who doesn't work, cook, clean, or raise her own child has a smooth day.When the Xs' marriage begins to disintegrate, Nanny ends up involved way beyond the bounds of human decency or good taste. Her tenure with the X family becomes a nearly impossible mission to maintain the mental health of their four-year-old, her own integrity and, most importantly, her sense of humor. Over nine tense months, Mrs. X and Nanny perform the age-old dance of decorum and power as they test the limits of modern-day servitude.Written by two former nannies, The Nanny Diaries deftly punctures the glamour of Manhattan's upper class. ...more","
Womens Fiction
",Five,http://books.toscrape.com//media/cache/e3/4e/e34e69942bf1327c602ef9754d02a022.jpg
http://books.toscrape.com/catalogue/the-devil-wears-prada-the-devil-wears-prada-1_243/index.html,a6ab0cb7106a67f2,The Devil Wears Prada (The Devil Wears Prada #1),Â£44.29,Â£44.29,In stock (3 available),"A delightfully dishy novel about the all-time most impossible boss in the history of impossible bosses. Andrea Sachs, a small-town girl fresh out of college, lands the job âa million girls would die for.â Hired as the assistant to Miranda Priestly, the high-profile, fabulously successful editor of ""Runway ""magazine, Andrea finds herself in an office that shouts ""Prada! Arm A delightfully dishy novel about the all-time most impossible boss in the history of impossible bosses. Andrea Sachs, a small-town girl fresh out of college, lands the job âa million girls would die for.â Hired as the assistant to Miranda Priestly, the high-profile, fabulously successful editor of ""Runway ""magazine, Andrea finds herself in an office that shouts ""Prada! Armani! Versace!"" at every turn, a world populated by impossibly thin, heart-wrenchingly stylish women and beautiful men clad in fine-ribbed turtlenecks and tight leather pants that show off their lifelong dedication to the gym. With breathtaking ease, Miranda can turn each and every one of these hip sophisticates into a scared, whimpering child. THE DEVIL WEARS PRADA gives a rich and hilarious new meaning to complaints about âThe Boss from Hell.â Narrated in Andreaâs smart, refreshingly disarming voice, it traces a deep, dark, devilish view of life at the top only hinted at in gossip columns and over Cosmopolitans at the trendiest cocktail parties. From sending the latest, not-yet-in-stores Harry Potter to Mirandaâs children in Paris by private jet, to locating an unnamed antique store where Miranda had at some point admired a vintage dresser, to serving lattes to Miranda at precisely the piping hot temperature she prefers, Andrea is sorely tested each and every dayâand often late into the night with orders barked over the phone. She puts up with it all by keeping her eyes on the prize: a recommendation from Miranda that will get Andrea a top job at any magazine of her choosing. As things escalate from the merely unacceptable to the downright outrageous, however, Andrea begins to realize that the job a million girls would die for may just kill her. And even if she survives, she has to decide whether or not the job is worth the price of her soul. ...more","
Womens Fiction
",One,http://books.toscrape.com//media/cache/21/ac/21acb843702d1448519cc8bf0d5da728.jpg
http://books.toscrape.com/catalogue/something-borrowed-darcy-rachel-1_224/index.html,ac27ab4bcd9c492e,Something Borrowed (Darcy & Rachel #1),Â£48.96,Â£48.96,In stock (3 available),"Something Borrowed tells the story of Rachel, a young attorney living and working in Manhattan. Rachel has always been the consummate good girlâuntil her thirtieth birthday, when her best friend, Darcy, throws her a party. That night, after too many drinks, Rachel ends up in bed with Darcy's fiancÃ©. Although she wakes up determined to put the one-night fling behind her, Ra Something Borrowed tells the story of Rachel, a young attorney living and working in Manhattan. Rachel has always been the consummate good girlâuntil her thirtieth birthday, when her best friend, Darcy, throws her a party. That night, after too many drinks, Rachel ends up in bed with Darcy's fiancÃ©. Although she wakes up determined to put the one-night fling behind her, Rachel is horrified to discover that she has genuine feelings for the one guy she should run from. As the September wedding date nears, Rachel knows she has to make a choice. In doing so, she discovers that the lines between right and wrong can be blurry, endings aren't always neat, and sometimes you have to risk all to win true happiness. Something Borrowed is a phenomenal debut novel that will have you laughing, crying, and calling your best friend. ...more","
Womens Fiction
",Five,http://books.toscrape.com//media/cache/82/ed/82ed95c8c6c3ee6171fe3b55d766a9ec.jpg
http://books.toscrape.com/catalogue/something-blue-darcy-rachel-2_223/index.html,3fc9d51d1c4d6ba7,Something Blue (Darcy & Rachel #2),Â£54.62,Â£54.62,In stock (3 available),"Following the smash-hit Something Borrowed comes story of betrayal, redemption, and forgivenessDarcy Rhone has always been able to rely on a few things: Her beauty and charm.Her fiance, Dex. Her lifelong best friend, Rachel.She never needed anything else.Or so she thinks until Dex calls off their dream wedding and she uncovers the ultimate betrayal. Blaming everyone but he Following the smash-hit Something Borrowed comes story of betrayal, redemption, and forgivenessÂ Darcy Rhone has always been able to rely on a few things: Her beauty and charm.Â Her fiance, Dex. Her lifelong best friend, Rachel.Â She never needed anything else.Â Or so she thinks until Dex calls off their dream wedding and she uncovers the ultimate betrayal. Blaming everyone but herself, Darcy flees to London and attempts to re-create her glamorous life on a new continent. But to her dismay, she discovers that her tried-and-true tricks no longer applyâand that her luck has finally expired. It is only then that she can begin her journey toward redemption, forgiveness, and true love. ...more","
Womens Fiction
",One,http://books.toscrape.com//media/cache/29/26/2926c885f673e84d7fc46240b1f77eb2.jpg
http://books.toscrape.com/catalogue/ive-got-your-number_173/index.html,6b32b561dab8036c,I've Got Your Number,Â£19.69,Â£19.69,In stock (3 available),"Iâve lost it. :( The only thing in the world I wasnât supposed to lose. My engagement ring. Itâs been in Magnusâs family for three generations. And now the very same day his parents are coming, Iâve lost it. The very same day! Do not hyperventilate, Poppy. Stay positive :) !! Poppy Wyatt has never felt luckier. She is about to marry her ideal man, Magnus Tavish, but in on Iâve lost it. :( The only thing in the world I wasnât supposed to lose. My engagement ring. Itâs been in Magnusâs family for three generations. And now the very same day his parents are coming, Iâve lost it. The very same day! Do not hyperventilate, Poppy. Stay positive :) !! Â  Poppy Wyatt has never felt luckier. She is about to marry her ideal man, Magnus Tavish, but in one afternoon her âhappily ever afterâ begins to fall apart. Not only has she lost her engagement ring in a hotel fire drill but in the panic that follows, her phone is stolen. As she paces shakily around the lobby, she spots an abandoned phone in a trash can. Finders keepers! Now she can leave a number for the hotel to contact her when they find her ring. Perfect! Â  Well, perfect except that the phoneâs owner, businessman Sam Roxton, doesnât agree. He wants his phone back and doesnât appreciate Poppy reading his messages and wading into his personal life. Â  What ensues is a hilarious and unpredictable turn of events as Poppy and Sam increasingly upend each otherâs lives through emails and text messages. As Poppy juggles wedding preparations, mysterious phone calls, and hiding her left hand from Magnus and his parents . . . she soon realizes that she is in for the biggest surprise of her life. ...more","
Womens Fiction
",One,http://books.toscrape.com//media/cache/3d/40/3d407a69fe55223fb4cfec577a9a8ee2.jpg
http://books.toscrape.com/catalogue/the-edge-of-reason-bridget-jones-2_63/index.html,29fc016c459aeb14,The Edge of Reason (Bridget Jones #2),Â£19.18,Â£19.18,In stock (1 available),"Monday 27 Januaryâ7:15 a.m. Hurrah! The wilderness years are over. For four weeks and five days now have been in functional relationship with adult male, thereby proving am not love pariah as recently feared.âLurching from the cappuccino bars of Notting Hill to the blissed-out shores of Thailand, Bridget Jones searches for The Truth in spite of pathetically unevolved men, Monday 27 Januaryâ7:15 a.m. Hurrah! The wilderness years are over. For four weeks and five days now have been in functional relationship with adult male, thereby proving am not love pariah as recently feared.âLurching from the cappuccino bars of Notting Hill to the blissed-out shores of Thailand, Bridget Jones searches for The Truth in spite of pathetically unevolved men, insane dating theories, and Smug Married advice (""I'm just calling to say in the potty! In the potty! Well, do it in Daddy's hand then!""). She experiences a zeitgeist-esque Spiritual Epiphany somewhere between the pages of How to Find the Love You Want Without Seeking It (""can self-help books really help self?""), protective custody, and a lightly chilled Chardonnay.Wednesday 5 Marchâ7:08 p.m. Am assured, receptive, responsive woman of substance. My sense of self comes not from other people but... from... myself? That canât be right.âWith another devastatingly hilarious, ridiculous, unnervingly accurate take on modern womanhood, Bridget Jones is back. ...more","
Womens Fiction
",Four,http://books.toscrape.com//media/cache/a1/4f/a14f3bc2743e3956cb10fddaaf62a1f9.jpg
http://books.toscrape.com/catalogue/bridget-joness-diary-bridget-jones-1_10/index.html,a2b4b685dfa94733,Bridget Jones's Diary (Bridget Jones #1),Â£29.82,Â£29.82,In stock (1 available),"Meet Bridget Jonesâa 30-something Singleton who is certain she would have all the answers if she could:a. lose 7 poundsb. stop smokingc. develop Inner Poise""123 lbs. (how is it possible to put on 4 pounds in the middle of the night? Could flesh have somehow solidified becoming denser and heavier? Repulsive, horrifying notion), alcohol units 4 (excellent), cigarettes 21 (po Meet Bridget Jonesâa 30-something Singleton who is certain she would have all the answers if she could:a. lose 7 poundsb. stop smokingc. develop Inner Poise""123 lbs. (how is it possible to put on 4 pounds in the middle of the night? Could flesh have somehow solidified becoming denser and heavier? Repulsive, horrifying notion), alcohol units 4 (excellent), cigarettes 21 (poor but will give up totally tomorrow), number of correct lottery numbers 2 (better, but nevertheless useless)...""Bridget Jones' Diary is the devastatingly self-aware, laugh-out-loud daily chronicle of Bridget's permanent, doomed quest for self-improvement â a year in which she resolves to: reduce the circumference of each thigh by 1.5 inches, visit the gym three times a week not just to buy a sandwich, form a functional relationship with a responsible adult, and learn to program the VCR.Over the course of the year, Bridget loses a total of 72 pounds but gains a total of 74. She remains, however, optimistic. Through it all, Bridget will have you helpless with laughter, and â like millions of readers the world round â you'll find yourself shouting, ""Bridget Jones is me!"" ...more","
Womens Fiction
",One,http://books.toscrape.com//media/cache/67/2f/672f2e3753cfc59c5843d23c88784326.jpg
