product_page_URL,universal_ product_code,title,price_including_tax,price_excluding_tax,number_available,product_description,category,review_rating,image_url
http://books.toscrape.com/catalogue/the-most-perfect-thing-inside-and-outside-a-birds-egg_938/index.html,aadee1c326d286e3,The Most Perfect Thing: Inside (and Outside) a Bird's Egg,Â£42.96,Â£42.96,In stock (16 available),"Renowned ornithologist Tim Birkhead opens this gripping story as a female guillemot chick hatches, already carrying her full quota of tiny eggs within her undeveloped ovary. As she grows into adulthood, only a few of her eggs mature, are released into the oviduct, and are fertilized by sperm stored from copulation that took place days or weeks earlier. Within a matter of h Renowned ornithologist Tim Birkhead opens this gripping story as a female guillemot chick hatches, already carrying her full quota of tiny eggs within her undeveloped ovary. As she grows into adulthood, only a few of her eggs mature, are released into the oviduct, and are fertilized by sperm stored from copulation that took place days or weeks earlier. Within a matter of hours, the fragile yolk is surrounded by albumen and the whole is gradually encased within a turquoise jewel of a shell. Soon afterward the fully formed egg is expelled onto a bare rocky ledge, where it will be incubated for four weeks before another chick emerges and the life cycle begins again. A Bird's Egg is about how eggs in general are made, fertilized, developed, and hatched. The eggs of most birds spend just 24 hours in the oviduct; however, that journey takes 48 hours in cuckoos, which surreptitiously lay their eggs in the nests of other birds. From the earliest times, the study of birds' ovaries and ova (eggs) played a vital role in the quest to unravel the mysteries of fertilization and embryo development in humans. Birkhead uses birds' eggs as wondrous portals into natural history, enlivened by the stories of naturalists and scientists, including Birkhead and his students, whose discoveries have advanced current scientific knowledge of reproduction. ...more","
Science
",Four,http://books.toscrape.com//media/cache/a3/9e/a39e7c5c9fc61c2ae0f81116aa8cbb0e.jpg
http://books.toscrape.com/catalogue/immunity-how-elie-metchnikoff-changed-the-course-of-modern-medicine_900/index.html,e4f74c16de34d440,Immunity: How Elie Metchnikoff Changed the Course of Modern Medicine,Â£57.36,Â£57.36,In stock (16 available),"Around Christmas of 1882, while peering through a microscope at starfish larvae in which he had inserted tiny thorns, Russian zoologist Elie Metchnikoff had a brilliant insight: what if the mobile cells he saw gathering around the thorns were nothing but a healing force in action? Metchnikoffâs daring theory of immunityâthat voracious cells he called phagocytes formed the Around Christmas of 1882, while peering through a microscope at starfish larvae in which he had inserted tiny thorns, Russian zoologist Elie Metchnikoff had a brilliant insight: what if the mobile cells he saw gathering around the thorns were nothing but a healing force in action? Metchnikoffâs daring theory of immunityâthat voracious cells he called phagocytes formed the first line of defense against invading bacteriaâwould eventually earn the scientist a Nobel Prize, shared with his archrival, as well as the unofficial m oniker âFather of Natural Immunity.â But first he had to win over skeptics, especially those who called his theory âan oriental fairy tale.â Using previously inaccessible archival materials, author Luba Vikhanski chronicles Metchnikoffâs remarkable life and discoveries in the first moder n biography of this hero of medicine. Metchnikoff was a towering figure in the scientific community of the early twentieth century, a tireless humanitarian who, while working at the Pasteur Institute in Paris, also strived to curb the spread of cholera, syphilis, and other deadly diseases. In his later years, he startled the world with controversial theories on longevity, launching a global craze for yogurt, and pioneered research into gut microbes and aging. Though Metchnikoff was largely forgotten for nearly a hundred years, Vikhanski documents a remarkable revival of interest in his ideas on immunity and on the gut flora in the science of the twenty-first century. ...more","
Science
",Five,http://books.toscrape.com//media/cache/e1/1e/e11e7e9514a123aee2415a1def85e638.jpg
http://books.toscrape.com/catalogue/sorting-the-beef-from-the-bull-the-science-of-food-fraud-forensics_736/index.html,3edcccc4f341fb1a,Sorting the Beef from the Bull: The Science of Food Fraud Forensics,Â£44.74,Â£44.74,In stock (14 available),"Horse meat in our burgers, melamine in our infant formula, artificial colors in our fish and fruit--as our urban lifestyle takes us farther away from our food sources, there are increasing opportunities for dishonesty, duplicity, and profit-making shortcuts. Food adulteration, motivated by money, is an issue that has spanned the globe throughout human history. Whether it's Horse meat in our burgers, melamine in our infant formula, artificial colors in our fish and fruit--as our urban lifestyle takes us farther away from our food sources, there are increasing opportunities for dishonesty, duplicity, and profit-making shortcuts. Food adulteration, motivated by money, is an issue that has spanned the globe throughout human history. Whether it's a matter of making a good quality oil stretch a bit further by adding a little extra ""something"" or labeling a food falsely to appeal to current consumer trends--it's all food fraud. Consumers may pay the ultimate costs for these crimes, with their health and, in some cases, their lives. So how do we sort the beef from the bull (or horse, as the case may be)?Illustrious analytical chemist Richard Evershed and science writer Nicola Temple explain the scientific tools and techniques that have revealed the century's biggest food fraud scams. They explore the arms race between scientists and adulterators as better techniques for detection spur more creative and sophisticated means of adulteration, and review the up-and-coming techniques and devices that will help the industry and consumers fight food fraud in the future. Engagingly written, SORTING THE BEEF FROM THE BULL lifts the lid on the forensics involved, and brings to light the full story of a fascinating and underreported world of applied science. ...more","
Science
",Four,http://books.toscrape.com//media/cache/5d/a5/5da545b9d44464af8b3d0a9511a050ca.jpg
http://books.toscrape.com/catalogue/tipping-point-for-planet-earth-how-close-are-we-to-the-edge_643/index.html,148715df5a02ea5e,Tipping Point for Planet Earth: How Close Are We to the Edge?,Â£37.55,Â£37.55,In stock (12 available),"Tipping Point for Planet Earth explains why Earth is headed for a tipping point, a change so fast, dramatic, and unexpected that humanity will reel at the consequences.Midway through this century, there will be more than nine billion people on the planet. Already we are using most of the arable land that exists and overfishing the oceans. Water, too, is becoming scarce in Tipping Point for Planet Earth explains why Earth is headed for a tipping point, a change so fast, dramatic, and unexpected that humanity will reel at the consequences.Midway through this century, there will be more than nine billion people on the planet. Already we are using most of the arable land that exists and overfishing the oceans. Water, too, is becoming scarce in many places.The services that humans depend upon--like a supply of clean water, food production, and protection from disease--are subject to dangerous threats as well.We can still keep humanity moving forward by ensuring that the negative changes that are accumulating do not outweigh the positive ones. Tipping Point for Planet Earth offers sensible solutions to our most pressing problems. The grand challenge of the 21st century is to change the endgame from one that looks like a train wreck, to one that sees the train carrying us all into a bright future. ...more","
Science
",One,http://books.toscrape.com//media/cache/8e/cb/8ecbec21e76445ee83229a439e22aeaa.jpg
http://books.toscrape.com/catalogue/the-fabric-of-the-cosmos-space-time-and-the-texture-of-reality_572/index.html,ca74f2e3c35a3e77,"The Fabric of the Cosmos: Space, Time, and the Texture of Reality",Â£55.91,Â£55.91,In stock (9 available),"From Brian Greene, one of the worldâs leading physicists and author the Pulitzer Prize finalist The Elegant Universe, comes a grand tour of the universe that makes us look at reality in a completely different way.Space and time form the very fabric of the cosmos. Yet they remain among the most mysterious of concepts. Is space an entity? Why does time have a direction? Coul From Brian Greene, one of the worldâs leading physicists and author the Pulitzer Prize finalist The Elegant Universe, comes a grand tour of the universe that makes us look at reality in a completely different way.Space and time form the very fabric of the cosmos. Yet they remain among the most mysterious of concepts. Is space an entity? Why does time have a direction? Could the universe exist without space and time? Can we travel to the past? Greene has set himself a daunting task: to explain non-intuitive, mathematical concepts like String Theory, the Heisenberg Uncertainty Principle, and Inflationary Cosmology with analogies drawn from common experience. From Newtonâs unchanging realm in which space and time are absolute, to Einsteinâs fluid conception of spacetime, to quantum mechanicsâ entangled arena where vastly distant objects can instantaneously coordinate their behavior, Greene takes us all, regardless of our scientific backgrounds, on an irresistible and revelatory journey to the new layers of reality that modern physics has discovered lying just beneath the surface of our everyday world. ...more","
Science
",One,http://books.toscrape.com//media/cache/b2/5a/b25a722c3bab8b311454bc251a75334a.jpg
http://books.toscrape.com/catalogue/diary-of-a-citizen-scientist-chasing-tiger-beetles-and-other-new-ways-of-engaging-the-world_517/index.html,0c11e2d068768dbb,Diary of a Citizen Scientist: Chasing Tiger Beetles and Other New Ways of Engaging the World,Â£28.41,Â£28.41,In stock (8 available),"In the exploding world of citizen science, hundreds of thousands of volunteers are monitoring climate change, tracking bird migration, finding stardust for NASA, and excavating mastodons. The sheer number of citizen scientists, combined with new technology, has begun to shape how research is conducted. Non-professionals become acknowledged experts: dentists turn into astro In the exploding world of citizen science, hundreds of thousands of volunteers are monitoring climate change, tracking bird migration, finding stardust for NASA, and excavating mastodons. The sheer number of citizen scientists, combined with new technology, has begun to shape how research is conducted. Non-professionals become acknowledged experts: dentists turn into astronomers and accountants into botanists.Diary of a Citizen Scientist is a timely exploration of this phenomenon, told through the lens of nature writer Sharman Apt Russellâs yearlong study of a little-known species, the Western red-bellied tiger beetle. In a voice both humorous and lyrical, Russell recounts her persistent and joyful tracking of an insect she calls âcharismatic,â âelegant,â and âfierce.â Patrolling the Gila River in southwestern New Mexico, collectorâs net in hand, she negotiates the realities of climate change even as she celebrates the beauty of a still-wild and rural landscape.Russellâs self-awarenessâof her occasionally-misplaced confidence, her quest to fill in âthat blank spot on the map of tiger beetles,â and her desire to become newly engaged in her lifeâcreates a portrait not only of the tiger beetle she tracks, but of the mindset behind self-driven scientific inquiry. Falling in love with the diversity of citizen science, she participates in crowdsourcing programs that range from cataloguing galaxies to monitoring the phenology of native plants, applauds the growing role of citizen science in environmental activism, and marvels at the profusion of projects around the world.Diary of a Citizen Scientist offers its readers a glimpse into the transformative properties of citizen scienceâand documents the transformation of the field as a whole. ...more","
Science
",One,http://books.toscrape.com//media/cache/29/5c/295ca7f5981786e8b2c6616d10158808.jpg
http://books.toscrape.com/catalogue/the-origin-of-species_499/index.html,0345872b14f9e774,The Origin of Species,Â£10.01,Â£10.01,In stock (7 available),"The publication of Darwinâs The Origin of Species in 1859 marked a dramatic turning point in scientific thought. The volume had taken Darwin more than twenty years to publish, in part because he envisioned the storm of controversy it was certain to unleash. Indeed, selling out its first edition on its first day, The Origin of Species revolutionized science, philosophy, and The publication of Darwinâs The Origin of Species in 1859 marked a dramatic turning point in scientific thought. The volume had taken Darwin more than twenty years to publish, in part because he envisioned the storm of controversy it was certain to unleash. Indeed, selling out its first edition on its first day, The Origin of Species revolutionized science, philosophy, and theology.Darwinâs reasoned, documented arguments carefully advance his theory of natural selection and his assertion that species were not created all at once by a divine hand but started with a few simple forms that mutated and adapted over time. Whether commenting on his own poor health, discussing his experiments to test instinct in bees, or relating a conversation about a South American burrowing rodent, Darwinâs monumental achievement is surprisingly personal and delightfully readable. Its profound ideas remain controversial even today, making it the most influential book in the natural sciences ever writtenâan important work not just to its time but to the history of humankind. ...more","
Science
",Four,http://books.toscrape.com//media/cache/d5/45/d54527d34174d5dd7eaeaaffdfcb3c5c.jpg
http://books.toscrape.com/catalogue/the-grand-design_405/index.html,3213b1f13f5f0f7c,The Grand Design,Â£13.76,Â£13.76,In stock (5 available),"THE FIRST MAJOR WORK IN NEARLY A DECADE BY ONE OF THE WORLDâS GREAT THINKERSâA MARVELOUSLY CONCISE BOOK WITH NEW ANSWERS TO THE ULTIMATE QUESTIONS OF LIFEWhen and how did the universe begin? Why are we here? Why is there something rather than nothing? What is the nature of reality? Why are the laws of nature so finely tuned as to allow for the existence of beings like ours THE FIRST MAJOR WORK IN NEARLY A DECADE BY ONE OF THE WORLDâS GREAT THINKERSâA MARVELOUSLY CONCISE BOOK WITH NEW ANSWERS TO THE ULTIMATE QUESTIONS OF LIFEÂ When and how did the universe begin? Why are we here? Why is there something rather than nothing? What is the nature of reality? Why are the laws of nature so finely tuned as to allow for the existence of beings like ourselves? And, finally, is the apparent âgrand designâ of our universe evidence of a benevolent creator who set things in motionâor does science offer another explanation? The most fundamental questions about the origins of the universe and of life itself, once the province of philosophy, now occupy the territory where scientists, philosophers, and theologians meetâif only to disagree. In their new book, Stephen Hawking and Leonard Mlodinow present the most recent scientific thinking about the mysteries of the universe, in nontechnical language marked by both brilliance and simplicity. In The Grand Design they explain that according to quantum theory, the cosmos does not have just a single existence or history, but rather that every possible history of the universe exists simultaneously. When applied to the universe as a whole, this idea calls into question the very notion of cause and effect. But the âtop-downâ approach to cosmology that Hawking and Mlodinow describe would say that the fact that the past takes no definite form means that we create history by observing it, rather than that history creates us. The authors further explain that we ourselves are the product of quantum fluctuations in the very early universe, and show how quantum theory predicts the âmultiverseââthe idea that ours is just one of many universes that appeared spontaneously out of nothing, each with different laws of nature.Along the way Hawking and Mlodinow question the conventional concept of reality, posing a âmodel-dependentâ theory of reality as the best we can hope to find. And they conclude with a riveting assessment of M-theory, an explanation of the laws governing us and our universe that is currently the only viable candidate for a complete âtheory of everything.â If confirmed, they write, it will be the unified theory that Einstein was looking for, and the ultimate triumph of human reason.A succinct, startling, and lavishly illustrated guide to discoveries that are altering our understanding and threatening some of our most cherished belief systems, The Grand Design is a book that will informâand provokeâlike no other. ...more","
Science
",Three,http://books.toscrape.com//media/cache/9b/69/9b696c2064d6ee387774b6121bb4be91.jpg
http://books.toscrape.com/catalogue/peak-secrets-from-the-new-science-of-expertise_389/index.html,6036239d2ab349b7,Peak: Secrets from the New Science of Expertise,Â£16.28,Â£16.28,In stock (5 available),"A survey of the psychology of expertise, providing techniques for developing mastery of any skill, drawn from the authors' extensive, pathfinding research","
Science
",Two,http://books.toscrape.com//media/cache/7c/04/7c04c7a92b5ba83361eba81fa364a2ca.jpg
http://books.toscrape.com/catalogue/the-elegant-universe-superstrings-hidden-dimensions-and-the-quest-for-the-ultimate-theory_245/index.html,c6bf14cb901c63ac,"The Elegant Universe: Superstrings, Hidden Dimensions, and the Quest for the Ultimate Theory",Â£13.03,Â£13.03,In stock (3 available),"The international bestseller that inspired a major Nova special and sparked a new understanding of the universe, now with a new preface and epilogue.Brian Greene, one of the world's leading string theorists, peels away layers of mystery to reveal a universe that consists of eleven dimensions, where the fabric of space tears and repairs itself, and all matterâfrom the small The international bestseller that inspired a major Nova special and sparked a new understanding of the universe, now with a new preface and epilogue.Brian Greene, one of the world's leading string theorists, peels away layers of mystery to reveal a universe that consists of eleven dimensions, where the fabric of space tears and repairs itself, and all matterâfrom the smallest quarks to the most gargantuan supernovasâis generated by the vibrations of microscopically tiny loops of energy. The Elegant Universe makes some of the most sophisticated concepts ever contemplated accessible and thoroughly entertaining, bringing us closer than ever to understanding how the universe works. ...more","
Science
",Four,http://books.toscrape.com//media/cache/5e/db/5edba3f8d50df6306bc5aa3f2516bd0c.jpg
http://books.toscrape.com/catalogue/the-disappearing-spoon-and-other-true-tales-of-madness-love-and-the-history-of-the-world-from-the-periodic-table-of-the-elements_244/index.html,63c0826ef59eae66,"The Disappearing Spoon: And Other True Tales of Madness, Love, and the History of the World from the Periodic Table of the Elements",Â£57.35,Â£57.35,In stock (3 available),"From New York Times bestselling author Sam Kean comes incredible stories of science, history, finance, mythology, the arts, medicine, and more, as told by the Periodic Table. Why did Gandhi hate iodine (I, 53)? How did radium (Ra, 88) nearly ruin Marie Curie's reputation? And why is gallium (Ga, 31) the go-to element for laboratory pranksters?*The Periodic Table is a crow From New York Times bestselling author Sam Kean comes incredible stories of science, history, finance, mythology, the arts, medicine, and more, as told by the Periodic Table. Why did Gandhi hate iodine (I, 53)? How did radium (Ra, 88) nearly ruin Marie Curie's reputation? And why is gallium (Ga, 31) the go-to element for laboratory pranksters?*The Periodic Table is a crowning scientific achievement, but it's also a treasure trove of adventure, betrayal, and obsession. These fascinating tales follow every element on the table as they play out their parts in human history, and in the lives of the (frequently) mad scientists who discovered them. THE DISAPPEARING SPOON masterfully fuses science with the classic lore of invention, investigation, and discovery--from the Big Bang through the end of time. *Though solid at room temperature, gallium is a moldable metal that melts at 84 degrees Fahrenheit. A classic science prank is to mold gallium spoons, serve them with tea, and watch guests recoil as their utensils disappear. ...more","
Science
",Five,http://books.toscrape.com//media/cache/47/cd/47cd27d1ae8935f974541829eea328f2.jpg
http://books.toscrape.com/catalogue/surely-youre-joking-mr-feynman-adventures-of-a-curious-character_227/index.html,61002f3b7ba5d780,"Surely You're Joking, Mr. Feynman!: Adventures of a Curious Character",Â£25.83,Â£25.83,In stock (3 available),"Richard Feynman (1918-1988), winner of the Nobel Prize in physics, thrived on outrageous adventures. Here he recounts in his inimitable voice his experience trading ideas on atomic physics with Einstein and Bohr and ideas on gambling with Nick the Greek; cracking the uncrackable safes guarding the most deeply held nuclear secrets; painting a naked female toreador - and muc Richard Feynman (1918-1988), winner of the Nobel Prize in physics, thrived on outrageous adventures. Here he recounts in his inimitable voice his experience trading ideas on atomic physics with Einstein and Bohr and ideas on gambling with Nick the Greek; cracking the uncrackable safes guarding the most deeply held nuclear secrets; painting a naked female toreador - and much else of an eyebrow-raising nature.In short, here is Feynman's life in all its eccentric glory - a combustible mixture of high intelligence, unlimited curiosity, and raging chutzpah. ...more","
Science
",Two,http://books.toscrape.com//media/cache/a5/50/a550edf8668b36d52d37080a804944ab.jpg
http://books.toscrape.com/catalogue/seven-brief-lessons-on-physics_219/index.html,281a244ce1954711,Seven Brief Lessons on Physics,Â£30.60,Â£30.60,In stock (3 available),"Everything you need to know about the beauty ofmodern physics in less than 100 pages.In seven brief lessons, Italian theoretical physicist Carlo Rovelli guides readers with admirable clarity through the most transformative physics breakthroughs of the twentieth and twenty-first centuries. This playful, entertaining and mind-bending introduction to modern physics, already a Everything you need to know about the beauty ofÂ modern physics in less than 100 pages.In seven brief lessons, Italian theoretical physicist Carlo Rovelli guides readers with admirable clarity through the most transformative physics breakthroughs of the twentieth and twenty-first centuries. This playful, entertaining and mind-bending introduction to modern physics, already a major bestseller in Italy, explains general relativity, quantum mechanics, elementary particles, gravity, black holes, the complex architecture of the universe, and the role of humans in the strange world Rovelli describes. This is a book about the joy of discovery. It takes readers to the frontiers of our knowledge: to the most minute reaches of the fabric of space, back toÂ the origins of the cosmos, and into the workings of our minds. âHere, on the edge of what we know, in contact with the ocean of the unknown, shines the mystery and the beauty of the world,â Rovelli writes. âAnd itâs breathtaking.â ...more","
Science
",Four,http://books.toscrape.com//media/cache/ae/f9/aef933758e39ba5e4327b2152478bb1a.jpg
http://books.toscrape.com/catalogue/the-selfish-gene_81/index.html,6f2c0a9adbb2bca9,The Selfish Gene,Â£29.45,Â£29.45,In stock (1 available),"Richard Dawkins' brilliant reformulation of the theory of natural selection has the rare distinction of having provoked as much excitement and interest outside the scientific community as within it. His theories have helped change the whole nature of the study of social biology, and have forced thousands of readers to rethink their beliefs about life. In his internationall Richard Dawkins' brilliant reformulation of the theory of natural selection has the rare distinction of having provoked as much excitement and interest outside the scientific community as within it. His theories have helped change the whole nature of the study of social biology, and have forced thousands of readers to rethink their beliefs about life. In his internationally bestselling, now classic volume, The Selfish Gene, Dawkins explains how the selfish gene can also be a subtle gene. The world of the selfish gene revolves around savage competition, ruthless exploitation, and deceit, and yet, Dawkins argues, acts of apparent altruism do exist in nature. Bees, for example, will commit suicide when they sting to protect the hive, and birds will risk their lives to warn the flock of an approaching hawk. This 30th anniversary edition of Dawkins' fascinating book retains all original material, including the two enlightening chapters added in the second edition. In a new Introduction the author presents his thoughts thirty years after the publication of his first and most famous book, while the inclusion of the two-page original Foreword by brilliant American scientist Robert Trivers shows the enthusiastic reaction of the scientific community at that time. This edition is a celebration of a remarkable exposition of evolutionary thought, a work that has been widely hailed for its stylistic brilliance and deep scientific insights, and that continues to stimulate whole new areas of research today. ...more","
Science
",One,http://books.toscrape.com//media/cache/d7/63/d763b806d6f0fb6580f16d08e00bdba6.jpg
